module,current,latest_in_module_path,recommendation
filippo.io/edwards25519,v1.1.1,v1.2.0,review_changelog_and_regression_before_update
github.com/alecthomas/kingpin/v2,v2.4.0,v2.4.0,retain_pinned
github.com/alecthomas/units,v0.0.0-20211218093645-b94a6e3cc137,v0.0.0-20240927000941-0f3dac36c52b,review_changelog_and_regression_before_update
github.com/beorn7/perks,v1.0.1,v1.0.1,retain_pinned
github.com/bsm/ginkgo/v2,v2.12.0,v2.12.0,retain_pinned
github.com/bsm/gomega,v1.27.10,v1.27.10,retain_pinned
github.com/bytedance/sonic,v1.11.6,v1.15.4,review_changelog_and_regression_before_update
github.com/bytedance/sonic/loader,v0.1.1,v0.5.2,review_changelog_and_regression_before_update
github.com/cespare/xxhash/v2,v2.3.0,v2.3.0,retain_pinned
github.com/cloudwego/base64x,v0.1.4,v0.1.7,review_changelog_and_regression_before_update
github.com/cloudwego/iasm,v0.2.0,v0.2.0,retain_pinned
github.com/davecgh/go-spew,v1.1.1,v1.1.1,retain_pinned
github.com/dustin/go-humanize,v1.0.1,v1.1.0,review_changelog_and_regression_before_update
github.com/gabriel-vasile/mimetype,v1.4.3,v1.4.15,review_changelog_and_regression_before_update
github.com/gin-contrib/sse,v0.1.0,v1.1.2,review_changelog_and_regression_before_update
github.com/gin-gonic/gin,v1.10.0,v1.12.0,review_changelog_and_regression_before_update
github.com/go-ini/ini,v1.67.0,v1.67.3,review_changelog_and_regression_before_update
github.com/go-playground/assert/v2,v2.2.0,v2.2.0,retain_pinned
github.com/go-playground/locales,v0.14.1,v0.14.2,review_changelog_and_regression_before_update
github.com/go-playground/universal-translator,v0.18.1,v0.18.2,review_changelog_and_regression_before_update
github.com/go-playground/validator/v10,v10.20.0,v10.30.5,review_changelog_and_regression_before_update
github.com/go-sql-driver/mysql,v1.8.1,v1.10.1,review_changelog_and_regression_before_update
github.com/goccy/go-json,v0.10.5,v0.11.2,review_changelog_and_regression_before_update
github.com/golang-jwt/jwt/v5,v5.3.1,v5.3.1,retain_pinned
github.com/golang-sql/civil,v0.0.0-20220223132316-b832511892a9,v0.0.0-20220223132316-b832511892a9,retain_pinned
github.com/golang-sql/sqlexp,v0.1.0,v0.1.0,retain_pinned
github.com/golang/protobuf,v1.5.0,v1.5.4,review_changelog_and_regression_before_update
github.com/google/go-cmp,v0.7.0,v0.7.0,retain_pinned
github.com/google/gofuzz,v1.0.0,v1.2.0,review_changelog_and_regression_before_update
github.com/google/uuid,v1.6.0,v1.6.0,retain_pinned
github.com/gorilla/websocket,v1.5.3,v1.5.3,retain_pinned
github.com/jackc/pgpassfile,v1.0.0,v1.0.0,retain_pinned
github.com/jackc/pgservicefile,v0.0.0-20240606120523-5a60cdf6a761,v0.0.0-20240606120523-5a60cdf6a761,retain_pinned
github.com/jackc/pgx/v5,v5.9.2,v5.11.0,review_changelog_and_regression_before_update
github.com/jackc/puddle/v2,v2.2.2,v2.2.2,retain_pinned
github.com/jinzhu/inflection,v1.0.0,v1.0.0,retain_pinned
github.com/jinzhu/now,v1.1.5,v1.1.5,retain_pinned
github.com/joho/godotenv,v1.5.1,v1.5.1,retain_pinned
github.com/jpillora/backoff,v1.0.0,v1.0.0,retain_pinned
github.com/json-iterator/go,v1.1.12,v1.1.12,retain_pinned
github.com/julienschmidt/httprouter,v1.3.0,v1.3.0,retain_pinned
github.com/klauspost/compress,v1.18.7,v1.20.1,review_changelog_and_regression_before_update
github.com/klauspost/cpuid/v2,v2.2.11,v2.4.0,review_changelog_and_regression_before_update
github.com/knz/go-libedit,v1.10.1,v1.10.1,retain_pinned
github.com/kr/pretty,v0.3.1,v0.3.1,retain_pinned
github.com/kr/text,v0.2.0,v0.2.0,retain_pinned
github.com/kylelemons/godebug,v1.1.0,v1.1.0,retain_pinned
github.com/leodido/go-urn,v1.4.0,v1.5.0,review_changelog_and_regression_before_update
github.com/mattn/go-isatty,v0.0.20,v0.0.24,review_changelog_and_regression_before_update
github.com/mattn/go-sqlite3,v1.14.22,v1.14.52,review_changelog_and_regression_before_update
github.com/microsoft/go-mssqldb,v1.7.2,v1.11.2,review_changelog_and_regression_before_update
github.com/minio/crc64nvme,v1.0.2,v1.1.1,review_changelog_and_regression_before_update
github.com/minio/md5-simd,v1.1.2,v1.1.2,retain_pinned
github.com/minio/minio-go/v7,v7.0.95,v7.3.0,review_changelog_and_regression_before_update
github.com/modern-go/concurrent,v0.0.0-20180306012644-bacd9c7ef1dd,v0.0.0-20180306012644-bacd9c7ef1dd,retain_pinned
github.com/modern-go/reflect2,v1.0.2,v1.0.2,retain_pinned
github.com/munnerz/goautoneg,v0.0.0-20191010083416-a7dc8b61c822,v0.0.0-20191010083416-a7dc8b61c822,retain_pinned
github.com/mwitkow/go-conntrack,v0.0.0-20190716064945-2f068394615f,v0.0.0-20190716064945-2f068394615f,retain_pinned
github.com/onsi/ginkgo,v1.16.5,v1.16.5,retain_pinned
github.com/onsi/gomega,v1.17.0,v1.44.0,review_changelog_and_regression_before_update
github.com/pelletier/go-toml/v2,v2.2.2,v2.4.3,review_changelog_and_regression_before_update
github.com/philhofer/fwd,v1.2.0,v1.2.0,retain_pinned
github.com/pion/datachannel,v1.6.0,v1.6.3,review_changelog_and_regression_before_update
github.com/pion/dtls/v3,v3.1.4,v3.1.10,review_changelog_and_regression_before_update
github.com/pion/ice/v4,v4.2.5,v4.4.5,review_changelog_and_regression_before_update
github.com/pion/interceptor,v0.1.45,v0.1.49,review_changelog_and_regression_before_update
github.com/pion/logging,v0.2.4,v0.2.4,retain_pinned
github.com/pion/mdns/v2,v2.1.0,v2.2.2,review_changelog_and_regression_before_update
github.com/pion/randutil,v0.1.0,v0.1.0,retain_pinned
github.com/pion/rtcp,v1.2.16,v1.2.19,review_changelog_and_regression_before_update
github.com/pion/rtp,v1.10.2,v1.10.5,review_changelog_and_regression_before_update
github.com/pion/sctp,v1.9.5,v1.12.0,review_changelog_and_regression_before_update
github.com/pion/sdp/v3,v3.0.18,v3.0.20,review_changelog_and_regression_before_update
github.com/pion/srtp/v3,v3.0.10,v3.1.3,review_changelog_and_regression_before_update
github.com/pion/stun/v3,v3.1.5,v3.1.7,review_changelog_and_regression_before_update
github.com/pion/transport/v3,v3.1.1,v3.1.1,retain_pinned
github.com/pion/transport/v4,v4.0.2,v4.1.1,review_changelog_and_regression_before_update
github.com/pion/turn/v4,v4.1.4,v4.1.4,retain_pinned
github.com/pion/turn/v5,v5.0.3,v5.1.2,review_changelog_and_regression_before_update
github.com/pion/webrtc/v4,v4.2.12,v4.2.22,review_changelog_and_regression_before_update
github.com/pmezard/go-difflib,v1.0.0,v1.0.0,retain_pinned
github.com/prometheus/client_golang,v1.23.2,v1.24.1,review_changelog_and_regression_before_update
github.com/prometheus/client_model,v0.6.2,v0.6.3,review_changelog_and_regression_before_update
github.com/prometheus/common,v0.66.1,v0.72.0,review_changelog_and_regression_before_update
github.com/prometheus/procfs,v0.16.1,v0.22.0,review_changelog_and_regression_before_update
github.com/rabbitmq/amqp091-go,v1.13.0,v1.15.0,review_changelog_and_regression_before_update
github.com/redis/go-redis/v9,v9.19.0,v9.22.0,review_changelog_and_regression_before_update
github.com/rogpeppe/go-internal,v1.14.1,v1.16.0,review_changelog_and_regression_before_update
github.com/rs/xid,v1.6.0,v1.6.0,retain_pinned
github.com/sclevine/agouti,v3.0.0+incompatible,v3.0.0+incompatible,retain_pinned
github.com/stretchr/objx,v0.5.2,v0.5.3,review_changelog_and_regression_before_update
github.com/stretchr/testify,v1.11.1,v1.12.1,review_changelog_and_regression_before_update
github.com/tinylib/msgp,v1.3.0,v1.6.5,review_changelog_and_regression_before_update
github.com/twitchyliquid64/golang-asm,v0.15.1,v0.15.1,retain_pinned
github.com/ugorji/go/codec,v1.2.12,v1.3.2,review_changelog_and_regression_before_update
github.com/wlynxg/anet,v0.0.5,v0.0.5,retain_pinned
github.com/xhit/go-str2duration/v2,v2.1.0,v2.2.0,review_changelog_and_regression_before_update
github.com/zeebo/xxh3,v1.1.0,v1.1.0,retain_pinned
go.uber.org/atomic,v1.11.0,v1.12.0,review_changelog_and_regression_before_update
go.uber.org/goleak,v1.3.0,v1.3.0,retain_pinned
go.yaml.in/yaml/v2,v2.4.2,v2.4.4,review_changelog_and_regression_before_update
golang.org/x/arch,v0.8.0,v0.31.0,review_changelog_and_regression_before_update
golang.org/x/crypto,v0.56.0,v0.57.0,review_changelog_and_regression_before_update
golang.org/x/mod,v0.38.0,v0.41.0,review_changelog_and_regression_before_update
golang.org/x/net,v0.57.0,v0.59.0,review_changelog_and_regression_before_update
golang.org/x/oauth2,v0.30.0,v0.37.0,review_changelog_and_regression_before_update
golang.org/x/sync,v0.22.0,v0.23.0,review_changelog_and_regression_before_update
golang.org/x/sys,v0.47.0,v0.48.0,review_changelog_and_regression_before_update
golang.org/x/term,v0.45.0,v0.46.0,review_changelog_and_regression_before_update
golang.org/x/text,v0.41.0,v0.42.0,review_changelog_and_regression_before_update
golang.org/x/time,v0.14.0,v0.16.0,review_changelog_and_regression_before_update
golang.org/x/tools,v0.48.0,v0.51.0,review_changelog_and_regression_before_update
golang.org/x/xerrors,v0.0.0-20191204190536-9bdfabe68543,v0.0.0-20240903120638-7835f813f4da,review_changelog_and_regression_before_update
google.golang.org/protobuf,v1.36.8,v1.36.12,review_changelog_and_regression_before_update
gopkg.in/check.v1,v1.0.0-20201130134442-10cb98267c6c,v1.0.0-20201130134442-10cb98267c6c,retain_pinned
gopkg.in/yaml.v3,v3.0.1,v3.0.1,retain_pinned
gorm.io/datatypes,v1.2.7,v1.2.7,retain_pinned
gorm.io/driver/mysql,v1.5.6,v1.6.0,review_changelog_and_regression_before_update
gorm.io/driver/postgres,v1.6.0,v1.6.3,review_changelog_and_regression_before_update
gorm.io/driver/sqlite,v1.6.0,v1.6.0,retain_pinned
gorm.io/driver/sqlserver,v1.6.0,v1.6.4,review_changelog_and_regression_before_update
gorm.io/gorm,v1.31.1,v1.31.2,review_changelog_and_regression_before_update
nullprogram.com/x/optparse,v1.0.0,v1.0.0,retain_pinned
rsc.io/pdf,v0.1.1,v0.1.1,retain_pinned
