package,license_url,license
filippo.io/edwards25519,https://github.com/FiloSottile/edwards25519/blob/v1.1.1/LICENSE,BSD-3-Clause
github.com/beorn7/perks/quantile,https://github.com/beorn7/perks/blob/v1.0.1/LICENSE,MIT
github.com/cespare/xxhash/v2,https://github.com/cespare/xxhash/blob/v2.3.0/LICENSE.txt,MIT
github.com/dustin/go-humanize,https://github.com/dustin/go-humanize/blob/v1.0.1/LICENSE,MIT
github.com/gabriel-vasile/mimetype,https://github.com/gabriel-vasile/mimetype/blob/v1.4.3/LICENSE,MIT
github.com/gin-contrib/sse,https://github.com/gin-contrib/sse/blob/v0.1.0/LICENSE,MIT
github.com/gin-gonic/gin,https://github.com/gin-gonic/gin/blob/v1.10.0/LICENSE,MIT
github.com/go-ini/ini,https://github.com/go-ini/ini/blob/v1.67.0/LICENSE,Apache-2.0
github.com/go-playground/locales,https://github.com/go-playground/locales/blob/v0.14.1/LICENSE,MIT
github.com/go-playground/universal-translator,https://github.com/go-playground/universal-translator/blob/v0.18.1/LICENSE,MIT
github.com/go-playground/validator/v10,https://github.com/go-playground/validator/blob/v10.20.0/LICENSE,MIT
github.com/go-sql-driver/mysql,https://github.com/go-sql-driver/mysql/blob/v1.8.1/LICENSE,MPL-2.0
github.com/goccy/go-json,https://github.com/goccy/go-json/blob/v0.10.5/LICENSE,MIT
github.com/golang-jwt/jwt/v5,https://github.com/golang-jwt/jwt/blob/v5.3.1/LICENSE,MIT
github.com/google/uuid,https://github.com/google/uuid/blob/v1.6.0/LICENSE,BSD-3-Clause
github.com/gorilla/websocket,https://github.com/gorilla/websocket/blob/v1.5.3/LICENSE,BSD-2-Clause
github.com/jackc/pgpassfile,https://github.com/jackc/pgpassfile/blob/v1.0.0/LICENSE,MIT
github.com/jackc/pgservicefile,https://github.com/jackc/pgservicefile/blob/5a60cdf6a761/LICENSE,MIT
github.com/jackc/pgx/v5,https://github.com/jackc/pgx/blob/v5.9.2/LICENSE,MIT
github.com/jackc/puddle/v2,https://github.com/jackc/puddle/blob/v2.2.2/LICENSE,MIT
github.com/jinzhu/inflection,https://github.com/jinzhu/inflection/blob/v1.0.0/LICENSE,MIT
github.com/jinzhu/now,https://github.com/jinzhu/now/blob/v1.1.5/License,MIT
github.com/joho/godotenv,https://github.com/joho/godotenv/blob/v1.5.1/LICENCE,MIT
github.com/klauspost/compress/internal,https://github.com/klauspost/compress/blob/v1.18.7/LICENSE,Apache-2.0
github.com/klauspost/compress/s2,https://github.com/klauspost/compress/blob/v1.18.7/s2/LICENSE,BSD-3-Clause
github.com/klauspost/cpuid/v2,https://github.com/klauspost/cpuid/blob/v2.2.11/LICENSE,MIT
github.com/leodido/go-urn,https://github.com/leodido/go-urn/blob/v1.4.0/LICENSE,MIT
github.com/mattn/go-isatty,https://github.com/mattn/go-isatty/blob/v0.0.20/LICENSE,MIT
github.com/minio/crc64nvme,https://github.com/minio/crc64nvme/blob/v1.0.2/LICENSE,Apache-2.0
github.com/minio/md5-simd,https://github.com/minio/md5-simd/blob/v1.1.2/LICENSE,Apache-2.0
github.com/minio/minio-go/v7,https://github.com/minio/minio-go/blob/v7.0.95/LICENSE,Apache-2.0
github.com/munnerz/goautoneg,https://github.com/munnerz/goautoneg/blob/a7dc8b61c822/LICENSE,BSD-3-Clause
github.com/pelletier/go-toml/v2,https://github.com/pelletier/go-toml/blob/v2.2.2/LICENSE,MIT
github.com/philhofer/fwd,https://github.com/philhofer/fwd/blob/v1.2.0/LICENSE.md,MIT
github.com/pion/datachannel,https://github.com/pion/datachannel/blob/v1.6.0/LICENSE,MIT
github.com/pion/dtls/v3,https://github.com/pion/dtls/blob/v3.1.4/LICENSE,MIT
github.com/pion/ice/v4,https://github.com/pion/ice/blob/v4.2.5/LICENSE,MIT
github.com/pion/interceptor,https://github.com/pion/interceptor/blob/v0.1.45/LICENSE,MIT
github.com/pion/logging,https://github.com/pion/logging/blob/v0.2.4/LICENSE,MIT
github.com/pion/mdns/v2,https://github.com/pion/mdns/blob/v2.1.0/LICENSE,MIT
github.com/pion/randutil,https://github.com/pion/randutil/blob/v0.1.0/LICENSE,MIT
github.com/pion/rtcp,https://github.com/pion/rtcp/blob/v1.2.16/LICENSE,MIT
github.com/pion/rtp,https://github.com/pion/rtp/blob/v1.10.2/LICENSE,MIT
github.com/pion/sctp,https://github.com/pion/sctp/blob/v1.9.5/LICENSE,MIT
github.com/pion/sdp/v3,https://github.com/pion/sdp/blob/v3.0.18/LICENSE,MIT
github.com/pion/srtp/v3,https://github.com/pion/srtp/blob/v3.0.10/LICENSE,MIT
github.com/pion/stun/v3,https://github.com/pion/stun/blob/v3.1.5/LICENSE,MIT
github.com/pion/transport/v4,https://github.com/pion/transport/blob/v4.0.2/LICENSE,MIT
github.com/pion/turn/v5,https://github.com/pion/turn/blob/v5.0.3/LICENSE,MIT
github.com/pion/webrtc/v4,https://github.com/pion/webrtc/blob/v4.2.12/LICENSE,MIT
github.com/prometheus/client_golang/internal/github.com/golang/gddo/httputil,https://github.com/prometheus/client_golang/blob/v1.23.2/internal/github.com/golang/gddo/LICENSE,BSD-3-Clause
github.com/prometheus/client_golang/prometheus,https://github.com/prometheus/client_golang/blob/v1.23.2/LICENSE,Apache-2.0
github.com/prometheus/client_model/go,https://github.com/prometheus/client_model/blob/v0.6.2/LICENSE,Apache-2.0
github.com/prometheus/common,https://github.com/prometheus/common/blob/v0.66.1/LICENSE,Apache-2.0
github.com/rabbitmq/amqp091-go,https://github.com/rabbitmq/amqp091-go/blob/v1.13.0/LICENSE,BSD-2-Clause
github.com/redis/go-redis/v9,https://github.com/redis/go-redis/blob/v9.19.0/LICENSE,BSD-2-Clause
github.com/rs/xid,https://github.com/rs/xid/blob/v1.6.0/LICENSE,MIT
github.com/tinylib/msgp/msgp,https://github.com/tinylib/msgp/blob/v1.3.0/LICENSE,MIT
github.com/ugorji/go/codec,https://github.com/ugorji/go/blob/codec/v1.2.12/codec/LICENSE,MIT
github.com/wlynxg/anet,https://github.com/wlynxg/anet/blob/v0.0.5/LICENSE,BSD-3-Clause
go.uber.org/atomic,https://github.com/uber-go/atomic/blob/v1.11.0/LICENSE.txt,MIT
go.yaml.in/yaml/v2,https://github.com/yaml/go-yaml/blob/v2.4.2/LICENSE,Apache-2.0
golang.org/x/crypto,https://cs.opensource.google/go/x/crypto/+/v0.56.0:LICENSE,BSD-3-Clause
golang.org/x/net,https://cs.opensource.google/go/x/net/+/v0.57.0:LICENSE,BSD-3-Clause
golang.org/x/sync/semaphore,https://cs.opensource.google/go/x/sync/+/v0.22.0:LICENSE,BSD-3-Clause
golang.org/x/sys,https://cs.opensource.google/go/x/sys/+/v0.47.0:LICENSE,BSD-3-Clause
golang.org/x/text,https://cs.opensource.google/go/x/text/+/v0.41.0:LICENSE,BSD-3-Clause
golang.org/x/time/rate,https://cs.opensource.google/go/x/time/+/v0.14.0:LICENSE,BSD-3-Clause
google.golang.org/protobuf,https://github.com/protocolbuffers/protobuf-go/blob/v1.36.8/LICENSE,BSD-3-Clause
gopkg.in/yaml.v3,https://github.com/go-yaml/yaml/blob/v3.0.1/LICENSE,MIT
gorm.io/datatypes,https://github.com/go-gorm/datatypes/blob/v1.2.7/License,MIT
gorm.io/driver/mysql,https://github.com/go-gorm/mysql/blob/v1.5.6/License,MIT
gorm.io/driver/postgres,https://github.com/go-gorm/postgres/blob/v1.6.0/License,MIT
gorm.io/gorm,https://github.com/go-gorm/gorm/blob/v1.31.1/LICENSE,MIT
