"package","version","direct","scope","dev_only","optional","license","license_source","package_path","resolved","integrity","node_engine","deprecated","direct_current","direct_wanted","direct_latest","registry_checked_at"
"@adobe/css-tools","4.5.0","false","transitive","true","false","MIT","frontend/package-lock.json","node_modules/@adobe/css-tools","https://registry.npmjs.org/@adobe/css-tools/-/css-tools-4.5.0.tgz","sha512-6OzddxPio9UiWTCemp4N8cYLV2ZN1ncRnV1cVGtve7dhPOtRkleRyx32GQCYSwDYgaHU3USMm84tNsvKzRCa1Q==","","","","","",""
"@asamuzakjp/css-color","7.1.2","false","transitive","true","false","MIT","frontend/package-lock.json","node_modules/@asamuzakjp/css-color","https://registry.npmjs.org/@asamuzakjp/css-color/-/css-color-7.1.2.tgz","sha512-99DHAnXDB5z6EEK+9GMpVI7Mw4oxj97dY5bpOzMnjADQWxI8rN6TvTduuFLUhUMlS7/CfVZ06tcZsus6cltnNw==","^22.22.2 || ^24.15.0 || >=26.0.0","","","","",""
"@asamuzakjp/dom-selector","9.2.2","false","transitive","true","false","MIT","frontend/package-lock.json","node_modules/@asamuzakjp/dom-selector","https://registry.npmjs.org/@asamuzakjp/dom-selector/-/dom-selector-9.2.2.tgz","sha512-lSWTBMjAcmu2xn5yEDU7jh6QDV+C8GEKtdJ4pIQhXh26RkKQ7S3FuQlt+zZkUbTdJ4d3XyV1kPI/G0zWXxqaqw==","^22.22.2 || ^24.15.0 || >=26.0.0","","","","",""
"@babel/code-frame","7.29.7","false","transitive","true","false","MIT","frontend/package-lock.json","node_modules/@babel/code-frame","https://registry.npmjs.org/@babel/code-frame/-/code-frame-7.29.7.tgz","sha512-Aup7aUOfpbAUg2ROOJN6Iw5f9DMBlzu0mIkm/malLQFN/YQgO48wCj0Kxa3sEHJvPVFg7siR+qRInwXd2qhQKw==",">=6.9.0","","","","",""
"@babel/helper-validator-identifier","7.29.7","false","transitive","true","false","MIT","frontend/package-lock.json","node_modules/@babel/helper-validator-identifier","https://registry.npmjs.org/@babel/helper-validator-identifier/-/helper-validator-identifier-7.29.7.tgz","sha512-qehxGkRj55h/ff8EMaJ+cYhyaKlHIxqYDn682wQD7RNp9UujOQsHog2uS0r2vzr4pW+sXf90NeeayjcNaX3fFg==",">=6.9.0","","","","",""
"@babel/runtime","7.29.7","false","transitive","true","false","MIT","frontend/package-lock.json","node_modules/@babel/runtime","https://registry.npmjs.org/@babel/runtime/-/runtime-7.29.7.tgz","sha512-Nq8OhGWiZIZGV6hLHoyAKLLcJihP/xFeBMGJoUrxTX2psI8dCifzLhZISFb+VWS3wFMRDmCGw5R+dOySCqPLhw==",">=6.9.0","","","","",""
"@bramus/specificity","2.4.2","false","transitive","true","false","MIT","frontend/package-lock.json","node_modules/@bramus/specificity","https://registry.npmjs.org/@bramus/specificity/-/specificity-2.4.2.tgz","sha512-ctxtJ/eA+t+6q2++vj5j7FYX3nRu311q1wfYH3xjlLOsczhlhxAg2FWNUXhpGvAw3BWo1xBcvOV6/YLc2r5FJw==","","","","","",""
"@csstools/color-helpers","6.1.2","false","transitive","true","false","MIT-0","frontend/package-lock.json","node_modules/@csstools/color-helpers","https://registry.npmjs.org/@csstools/color-helpers/-/color-helpers-6.1.2.tgz","sha512-grhRy3OKmniaAEKXMjua5z/EODX0MSqBGjunw8+j/3HQjOnahs2AGhvEOIYVUWcU6ScApbhLhVrQTX8XqrMrow==",">=20.19.0","","","","",""
"@csstools/css-calc","3.4.1","false","transitive","true","false","MIT","frontend/package-lock.json","node_modules/@csstools/css-calc","https://registry.npmjs.org/@csstools/css-calc/-/css-calc-3.4.1.tgz","sha512-EtC7SoN1j6J4E4DCwg5QgbO5TGxgxIA1RXqe+W+qUM+BUcezx9wT+/tiQ/WO2yCX4i5X+Cuf9ciJ22aP4UEwWw==",">=20.19.0","","","","",""
"@csstools/css-color-parser","4.2.4","false","transitive","true","false","MIT","frontend/package-lock.json","node_modules/@csstools/css-color-parser","https://registry.npmjs.org/@csstools/css-color-parser/-/css-color-parser-4.2.4.tgz","sha512-DyefytAZ735mX4Dq/WcDAXFtXhaEFvme0ZS9tVEBAc2whxUthXr0R0L2rmEPm59SrMBkGrFzQviBXMs/UtnABQ==",">=20.19.0","","","","",""
"@csstools/css-parser-algorithms","4.0.1","false","transitive","true","false","MIT","frontend/package-lock.json","node_modules/@csstools/css-parser-algorithms","https://registry.npmjs.org/@csstools/css-parser-algorithms/-/css-parser-algorithms-4.0.1.tgz","sha512-ShL8BqPfbKJrJiKFH0xBbN0i7Nrh9HXYRuF+pzyj93R/BL2YAsUxJeqANErzqM+0JGl7vjHp+3OIgd/DL69YIA==",">=20.19.0","","","","",""
"@csstools/css-syntax-patches-for-csstree","1.1.14","false","transitive","true","false","MIT-0","frontend/package-lock.json","node_modules/@csstools/css-syntax-patches-for-csstree","https://registry.npmjs.org/@csstools/css-syntax-patches-for-csstree/-/css-syntax-patches-for-csstree-1.1.14.tgz","sha512-HpbVXyrofRXpHpgkNIjU/3EWR4WJvOkO3emNK/L6X/mTJU7bGUI3AkkpoTNXznQLp0KRjLHELTGeKI5dIkI9JQ==","","","","","",""
"@csstools/css-tokenizer","4.0.2","false","transitive","true","false","MIT","frontend/package-lock.json","node_modules/@csstools/css-tokenizer","https://registry.npmjs.org/@csstools/css-tokenizer/-/css-tokenizer-4.0.2.tgz","sha512-OoKoR0f76dCY666JlcbhmVTs2drYj1GUXZTYTcbUgJjh9Nv41aFfZ21bPQTERm5+L5cBDo466NltB2lplS5GBw==",">=20.19.0","","","","",""
"@exodus/bytes","1.16.0","false","transitive","true","false","MIT","frontend/package-lock.json","node_modules/@exodus/bytes","https://registry.npmjs.org/@exodus/bytes/-/bytes-1.16.0.tgz","sha512-IcpW84uEn3N7ETtNZMlxKhfl6Pec8rUNGOTBtWbK1FKhJxIFAptZyVrvVRVBimAJxJCgc3PxepxkdWWG4DVzfA==","^20.19.0 || ^22.12.0 || >=24.0.0","","","","",""
"@fontsource/inter","5.3.0","true","dependencies","false","false","OFL-1.1","frontend/package-lock.json","node_modules/@fontsource/inter","https://registry.npmjs.org/@fontsource/inter/-/inter-5.3.0.tgz","sha512-RofMylZmjlJEfELXeNHFWBRcSs75rGU/6bV2S2jfnvv/3rPXPGe0LgUJTklcHZ9lM4OZmAVFhcJPnACfb91A3g==","","","5.3.0","5.3.0","5.3.0","Sat Oct 03 2026 15:04:57 GMT+0300 (Moscow Standard Time)"
"@jridgewell/resolve-uri","3.1.2","false","transitive","true","false","MIT","frontend/package-lock.json","node_modules/@jridgewell/resolve-uri","https://registry.npmjs.org/@jridgewell/resolve-uri/-/resolve-uri-3.1.2.tgz","sha512-bRISgCIjP20/tbWSPWMEi54QVPRZExkuD9lJL+UIxUKtwVJA8wW1Trb1jMs1RFXo1CBTNZ/5hpC9QvmKWdopKw==",">=6.0.0","","","","",""
"@jridgewell/sourcemap-codec","1.6.0","false","transitive","true","false","MIT","frontend/package-lock.json","node_modules/@jridgewell/sourcemap-codec","https://registry.npmjs.org/@jridgewell/sourcemap-codec/-/sourcemap-codec-1.6.0.tgz","sha512-T7jf+5zgsZHwNJ4lvQ7/aezbyk0nNX+zJVWpmHA7VYsEx7a7qr5Rg5IbtJFqkgze5Y2sruq1RUY8Q837Od7iFw==","","","","","",""
"@jridgewell/trace-mapping","0.3.31","false","transitive","true","false","MIT","frontend/package-lock.json","node_modules/@jridgewell/trace-mapping","https://registry.npmjs.org/@jridgewell/trace-mapping/-/trace-mapping-0.3.31.tgz","sha512-zzNR+SdQSDJzc8joaeP8QQoCQr8NuYx2dIIytl1QeBEZHJ9uW6hebsrYgbz8hJwUQao3TWCMtmfV8Nu1twOLAw==","","","","","",""
"@oxc-project/types","0.152.0","false","transitive","true","false","MIT","frontend/package-lock.json","node_modules/@oxc-project/types","https://registry.npmjs.org/@oxc-project/types/-/types-0.152.0.tgz","sha512-oM/5rLBm2tPkg0iBgkH/FOeR3PCDpY19GTgAZjMFM8h9WI9VW7cLgzp6nwtarYKmovavIQZ+Fe/RKX/8C8O/Rw==","","","","","",""
"@playwright/test","1.63.0","true","devDependencies","true","false","Apache-2.0","frontend/package-lock.json","node_modules/@playwright/test","https://registry.npmjs.org/@playwright/test/-/test-1.63.0.tgz","sha512-oxMK4vllB9RK5NQ2l1pq1IfOf2AvnEuj/vYGDj0H2nMtmtZpKtCwt/l00GEO6xjGfpBNAvjovvYdCm50dRQkpQ==",">=20","","1.63.0","1.63.0","1.63.0","Sat Oct 03 2026 15:04:57 GMT+0300 (Moscow Standard Time)"
"@remix-run/route-pattern","0.22.1","false","transitive","false","false","MIT","frontend/package-lock.json","node_modules/@remix-run/route-pattern","https://registry.npmjs.org/@remix-run/route-pattern/-/route-pattern-0.22.1.tgz","sha512-czdGJWh09Lapvcqt7Vb09KlrU2PhRJ8xQaI+AItTuD9aDJ5MAgxnS38lnys6Ll+6RJEqPiaUqTwIQhVLwFvv+w==","","","","","",""
"@rolldown/binding-android-arm-eabi","1.2.12","false","transitive","true","true","MIT","frontend/package-lock.json","node_modules/@rolldown/binding-android-arm-eabi","https://registry.npmjs.org/@rolldown/binding-android-arm-eabi/-/binding-android-arm-eabi-1.2.12.tgz","sha512-dB/a1214qKfHMXCpgqR4OZT+jS4kTyEXbQGJPqzobt5EwH5rX080pxE37alt3RzvR1bf1Yz/yGqRfrYAxuPw0A==","^20.19.0 || >=22.12.0","","","","",""
"@rolldown/binding-android-arm64","1.2.12","false","transitive","true","true","MIT","frontend/package-lock.json","node_modules/@rolldown/binding-android-arm64","https://registry.npmjs.org/@rolldown/binding-android-arm64/-/binding-android-arm64-1.2.12.tgz","sha512-7KHFgQ5VJxIHcLlrwrc3Xbds7oTNQT7Pgi9gQCJKrd2VGab/UksIOYp6VD8MzCstGxOKMgNamPwUCfxPdP1OHg==","^20.19.0 || >=22.12.0","","","","",""
"@rolldown/binding-darwin-arm64","1.2.12","false","transitive","true","true","MIT","frontend/package-lock.json","node_modules/@rolldown/binding-darwin-arm64","https://registry.npmjs.org/@rolldown/binding-darwin-arm64/-/binding-darwin-arm64-1.2.12.tgz","sha512-3YIhqHD96nA5SaYNRBR16HnGv4oavZvXfD/ayHM+oYZ0WD/8lBAtf6zQua4kEyAvpqrluKXl0lnOBoiNby7x9w==","^20.19.0 || >=22.12.0","","","","",""
"@rolldown/binding-darwin-x64","1.2.12","false","transitive","true","true","MIT","frontend/package-lock.json","node_modules/@rolldown/binding-darwin-x64","https://registry.npmjs.org/@rolldown/binding-darwin-x64/-/binding-darwin-x64-1.2.12.tgz","sha512-UuuJ35MFw4gmFOrE9pEqIV+K3syIKveph+Qc1/ljHZVdoDW4pz/JHR/eMVom+TZGl/5OOvGJOWaOCVt3ZfqhxA==","^20.19.0 || >=22.12.0","","","","",""
"@rolldown/binding-freebsd-x64","1.2.12","false","transitive","true","true","MIT","frontend/package-lock.json","node_modules/@rolldown/binding-freebsd-x64","https://registry.npmjs.org/@rolldown/binding-freebsd-x64/-/binding-freebsd-x64-1.2.12.tgz","sha512-uMvssit0a4W+/7D8CbHUvG719mH3R2jwXAlh/XcPvuHTE0g++LymF88DCGNX0HM2rBOn0xrzgXktIB6fLSJBTQ==","^20.19.0 || >=22.12.0","","","","",""
"@rolldown/binding-linux-arm-gnueabihf","1.2.12","false","transitive","true","true","MIT","frontend/package-lock.json","node_modules/@rolldown/binding-linux-arm-gnueabihf","https://registry.npmjs.org/@rolldown/binding-linux-arm-gnueabihf/-/binding-linux-arm-gnueabihf-1.2.12.tgz","sha512-XcFu0R0xWnwzSf4IQgFH1rJIckPN1pLy2R+4r9IDB7Yfu/ys9cVqfa4pBrMHj7a3gl8mIR4nRNPg0e5IvEVs6g==","^20.19.0 || >=22.12.0","","","","",""
"@rolldown/binding-linux-arm64-gnu","1.2.12","false","transitive","true","true","MIT","frontend/package-lock.json","node_modules/@rolldown/binding-linux-arm64-gnu","https://registry.npmjs.org/@rolldown/binding-linux-arm64-gnu/-/binding-linux-arm64-gnu-1.2.12.tgz","sha512-260UrKgn8tz39ak+SMDOirKzr7V04M9dWPw5llW00SwBivCZoWcRBKV1d8cXnRkUmSZA3BdiUmBHWk7734Ulpw==","^20.19.0 || >=22.12.0","","","","",""
"@rolldown/binding-linux-arm64-musl","1.2.12","false","transitive","true","true","MIT","frontend/package-lock.json","node_modules/@rolldown/binding-linux-arm64-musl","https://registry.npmjs.org/@rolldown/binding-linux-arm64-musl/-/binding-linux-arm64-musl-1.2.12.tgz","sha512-5YK1I9SqDkbPgc1IA8BgDl34suqUS2q0KWnBrirm0E51YjOs6eo6dV6jbQfNE/argHRSvd0QUGgtpIoYx+WWpw==","^20.19.0 || >=22.12.0","","","","",""
"@rolldown/binding-linux-ppc64-gnu","1.2.12","false","transitive","true","true","MIT","frontend/package-lock.json","node_modules/@rolldown/binding-linux-ppc64-gnu","https://registry.npmjs.org/@rolldown/binding-linux-ppc64-gnu/-/binding-linux-ppc64-gnu-1.2.12.tgz","sha512-Rkcrmp7eFRg74yL5fXEU91JEWbdEPLevWwGtXpmhbjlD1StScbWTmO94Bhly+Mo+ketKYkdmM1vNUKeWSlx8cQ==","^20.19.0 || >=22.12.0","","","","",""
"@rolldown/binding-linux-s390x-gnu","1.2.12","false","transitive","true","true","MIT","frontend/package-lock.json","node_modules/@rolldown/binding-linux-s390x-gnu","https://registry.npmjs.org/@rolldown/binding-linux-s390x-gnu/-/binding-linux-s390x-gnu-1.2.12.tgz","sha512-qvK4DuAsQc2BSjlx+Xr+IzOIvvxbGZqxFwdWfG6F518Erj0GGISyQbJ6pIappnOxlNPzNHvo/L0BwB30GZ+zVw==","^20.19.0 || >=22.12.0","","","","",""
"@rolldown/binding-linux-x64-gnu","1.2.12","false","transitive","true","true","MIT","frontend/package-lock.json","node_modules/@rolldown/binding-linux-x64-gnu","https://registry.npmjs.org/@rolldown/binding-linux-x64-gnu/-/binding-linux-x64-gnu-1.2.12.tgz","sha512-Q9uLBO53Xd4QIq1WOycVQyPP1O4HhraEV2qqb3uTrnVw6QZih9duY4vNXOivL1xoUS1/z+W8eF4NMfl2a8Sdjw==","^20.19.0 || >=22.12.0","","","","",""
"@rolldown/binding-linux-x64-musl","1.2.12","false","transitive","true","true","MIT","frontend/package-lock.json","node_modules/@rolldown/binding-linux-x64-musl","https://registry.npmjs.org/@rolldown/binding-linux-x64-musl/-/binding-linux-x64-musl-1.2.12.tgz","sha512-3IBxWFMjbOZskDPKv8Lf9BCnahlKuHthWkYnyIxOH/QcJrFcS4EmcenthApkwr/5+nEqZlLzeYbxeMaX7A5u4g==","^20.19.0 || >=22.12.0","","","","",""
"@rolldown/binding-openharmony-arm64","1.2.12","false","transitive","true","true","MIT","frontend/package-lock.json","node_modules/@rolldown/binding-openharmony-arm64","https://registry.npmjs.org/@rolldown/binding-openharmony-arm64/-/binding-openharmony-arm64-1.2.12.tgz","sha512-xtX61xg4LKPkPWilZU1ynKClz5Gj4bf74LML4r3eVLWumKnGjoEr1OSHQhMdbBDoYTi+yjrujvpZe2pUnqCrrA==","^20.19.0 || >=22.12.0","","","","",""
"@rolldown/binding-win32-arm64-msvc","1.2.12","false","transitive","true","true","MIT","frontend/package-lock.json","node_modules/@rolldown/binding-win32-arm64-msvc","https://registry.npmjs.org/@rolldown/binding-win32-arm64-msvc/-/binding-win32-arm64-msvc-1.2.12.tgz","sha512-At7fPB6PCaIjzgIhEZFxuT+BBFqiQibJDT4d3PhiR3f4E7bbMZF4aKblbFfEM3sETRDd1YiQx/+U/g/B/ou5Ew==","^20.19.0 || >=22.12.0","","","","",""
"@rolldown/binding-win32-x64-msvc","1.2.12","false","transitive","true","true","MIT","frontend/package-lock.json","node_modules/@rolldown/binding-win32-x64-msvc","https://registry.npmjs.org/@rolldown/binding-win32-x64-msvc/-/binding-win32-x64-msvc-1.2.12.tgz","sha512-WIw2haVKwjuYdXkHaoC0mF8Le71TuCBxjrdKqLbJGctbBABj+ClfmNvtbOnzpq3RokNo5+V1qhtSzJyXorsklQ==","^20.19.0 || >=22.12.0","","","","",""
"@rolldown/pluginutils","1.0.1","false","transitive","true","false","MIT","frontend/package-lock.json","node_modules/@rolldown/pluginutils","https://registry.npmjs.org/@rolldown/pluginutils/-/pluginutils-1.0.1.tgz","sha512-2j9bGt5Jh8hj+vPtgzPtl72j0yRxHAyumoo6TNfAjsLB04UtpSvPbPcDcBMxz7n+9CYB0c1GxQFxYRg2jimqGw==","","","","","",""
"@tanstack/query-core","5.104.0","false","transitive","false","false","MIT","frontend/package-lock.json","node_modules/@tanstack/query-core","https://registry.npmjs.org/@tanstack/query-core/-/query-core-5.104.0.tgz","sha512-JrC2r/JQlXt7khBSdUpsgxNvybzOg+aITa+ARRMlP2AFo93Y8vIqz077rp+e61mJetSZ0T6AJbwW1JHer1vrPQ==","","","","","",""
"@tanstack/react-query","5.104.0","true","dependencies","false","false","MIT","frontend/package-lock.json","node_modules/@tanstack/react-query","https://registry.npmjs.org/@tanstack/react-query/-/react-query-5.104.0.tgz","sha512-e1TZmDCQnWIfiDVryIHeA6Idj+Lfx1hORLOhXS/l5wcgvtVD4yYqbTDl378sGQKIi2cSgb0TEMC9cKK8GGoJEw==","","","5.104.0","5.104.0","5.104.1","Sat Oct 03 2026 15:04:57 GMT+0300 (Moscow Standard Time)"
"@testing-library/dom","10.4.2","false","transitive","true","false","MIT","frontend/package-lock.json","node_modules/@testing-library/dom","https://registry.npmjs.org/@testing-library/dom/-/dom-10.4.2.tgz","sha512-yzr2S9HyAIdhz2/6qHgbs665Q7PKVcDF05vsOlHPxG1mo36gKVesdYVeDLnXgfjJ03CrKRk08knc6+E/9m8v2Q==",">=18","","","","",""
"@testing-library/jest-dom","7.0.1","true","devDependencies","true","false","MIT","frontend/package-lock.json","node_modules/@testing-library/jest-dom","https://registry.npmjs.org/@testing-library/jest-dom/-/jest-dom-7.0.1.tgz","sha512-oMDTC3oA+6CXSO2JZnvOI7CA6oVub6kij5ggk9ohwye5slmkwxYDXcPOVxgMw/RQlticjtO0C1RZkR97HgrWMw==",">=22","","7.0.1","7.0.1","7.0.1","Sat Oct 03 2026 15:04:57 GMT+0300 (Moscow Standard Time)"
"dom-accessibility-api","0.6.3","false","transitive","true","false","MIT","frontend/package-lock.json","node_modules/@testing-library/jest-dom/node_modules/dom-accessibility-api","https://registry.npmjs.org/dom-accessibility-api/-/dom-accessibility-api-0.6.3.tgz","sha512-7ZgogeTnjuHbo+ct10G9Ffp0mif17idi0IyWNVA/wcwcm7NPOD/WEHVP3n7n3MhXqxoIYm8d6MuZohYWIZ4T3w==","","","","","",""
"@testing-library/react","16.3.3","true","devDependencies","true","false","MIT","frontend/package-lock.json","node_modules/@testing-library/react","https://registry.npmjs.org/@testing-library/react/-/react-16.3.3.tgz","sha512-Uo193NgQbPMz6lrrhtRQQFcMC6Re/ELLFbbuVL30WDlZxlpZf9/lMHTAVxPRLw1q1iu9OJmR1c2BLiENRstdBg==",">=18","","16.3.3","16.3.3","16.3.3","Sat Oct 03 2026 15:04:57 GMT+0300 (Moscow Standard Time)"
"@testing-library/user-event","14.6.7","true","devDependencies","true","false","MIT","frontend/package-lock.json","node_modules/@testing-library/user-event","https://registry.npmjs.org/@testing-library/user-event/-/user-event-14.6.7.tgz","sha512-MPCpX8bxe8zS+JmmTwLp8jd0dy1rAm60Te/SL8JrQM3qvQJcBOs1d7IefJMyZzqM3EWBrDn/LWDt1BCGu4ASfg==",">=12","","14.6.7","14.6.7","14.6.7","Sat Oct 03 2026 15:04:57 GMT+0300 (Moscow Standard Time)"
"@types/aria-query","5.0.4","false","transitive","true","false","MIT","frontend/package-lock.json","node_modules/@types/aria-query","https://registry.npmjs.org/@types/aria-query/-/aria-query-5.0.4.tgz","sha512-rfT93uj5s0PRL7EzccGMs3brplhcrghnDoV26NqKhCAS1hVo+WdNsPvE/yb6ilfr5hi2MEk6d5EWJTKdxg8jVw==","","","","","",""
"@types/chai","5.2.3","false","transitive","true","false","MIT","frontend/package-lock.json","node_modules/@types/chai","https://registry.npmjs.org/@types/chai/-/chai-5.2.3.tgz","sha512-Mw558oeA9fFbv65/y4mHtXDs9bPnFMZAL/jxdPFUpOHHIXX91mcgEHbS5Lahr+pwZFR8A7GQleRWeI6cGFC2UA==","","","","","",""
"@types/deep-eql","4.0.2","false","transitive","true","false","MIT","frontend/package-lock.json","node_modules/@types/deep-eql","https://registry.npmjs.org/@types/deep-eql/-/deep-eql-4.0.2.tgz","sha512-c9h9dVVMigMPc4bwTvC5dxqtqJZwQPePsWjPlpSOnojbor6pGqdk541lfA7AqFQr5pB1BRdq0juY9db81BwyFw==","","","","","",""
"@types/estree","1.0.9","false","transitive","true","false","MIT","frontend/package-lock.json","node_modules/@types/estree","https://registry.npmjs.org/@types/estree/-/estree-1.0.9.tgz","sha512-GhdPgy1el4/ImP05X05Uw4cw2/M93BCUmnEvWZNStlCzEKME4Fkk+YpoA5OiHNQmoS7Cafb8Xa3Pya8m1Qrzeg==","","","","","",""
"@types/node","26.6.3","true","devDependencies","true","false","MIT","frontend/package-lock.json","node_modules/@types/node","https://registry.npmjs.org/@types/node/-/node-26.6.3.tgz","sha512-dsqMQQoeTLqu9wynDD00q573mNzso3IdQOAfHRJqLCcmCFPoGo9A1bDpUcv/9tnKpErQWv9uKeGfl37EIS02Yg==","","","26.6.3","26.6.3","26.6.4","Sat Oct 03 2026 15:04:57 GMT+0300 (Moscow Standard Time)"
"@types/react","19.3.0","true","devDependencies","false","false","MIT","frontend/package-lock.json","node_modules/@types/react","https://registry.npmjs.org/@types/react/-/react-19.3.0.tgz","sha512-N0rFCuH9YoxG9/m61l9MfpJKfmLOVU0em7ipIz6TRgSSkvReLB9vL85GB+yr8Bs5leqpvg96JSwF4ZS1s4viQg==","","","19.3.0","19.3.0","19.3.0","Sat Oct 03 2026 15:04:57 GMT+0300 (Moscow Standard Time)"
"@types/react-dom","19.3.0","true","devDependencies","true","false","MIT","frontend/package-lock.json","node_modules/@types/react-dom","https://registry.npmjs.org/@types/react-dom/-/react-dom-19.3.0.tgz","sha512-ZI7bU42mZXXKHn/qNLEw2IrbiINU7X5+vfgdixBHkCNpYWXjKgfQ/P+uyGb5CjOLB9UcnTeg3rylQtV2hym44Q==","","","19.3.0","19.3.0","19.3.0","Sat Oct 03 2026 15:04:57 GMT+0300 (Moscow Standard Time)"
"@typescript/typescript-aix-ppc64","7.0.2","false","transitive","true","true","Apache-2.0","frontend/package-lock.json","node_modules/@typescript/typescript-aix-ppc64","https://registry.npmjs.org/@typescript/typescript-aix-ppc64/-/typescript-aix-ppc64-7.0.2.tgz","sha512-MTKKkWB7p/0E9xi1d1tHtZ5PiLkGEMIq88pK2CubZjOsLtYTLqhgIgi6zepFa+9GHZ6h05NMCkQxGKiPXMxXtQ==",">=16.20.0","","","","",""
"@typescript/typescript-darwin-arm64","7.0.2","false","transitive","true","true","Apache-2.0","frontend/package-lock.json","node_modules/@typescript/typescript-darwin-arm64","https://registry.npmjs.org/@typescript/typescript-darwin-arm64/-/typescript-darwin-arm64-7.0.2.tgz","sha512-gowzar9MwS/aRWp6f3a4KUqzRjAZjOsmGNCM6LcTgXum+dBfgsBVMN+AgvOCCbguXyick6LJhpBszxMebJ8syA==",">=16.20.0","","","","",""
"@typescript/typescript-darwin-x64","7.0.2","false","transitive","true","true","Apache-2.0","frontend/package-lock.json","node_modules/@typescript/typescript-darwin-x64","https://registry.npmjs.org/@typescript/typescript-darwin-x64/-/typescript-darwin-x64-7.0.2.tgz","sha512-SZ9xZInqApNlNGc9s0W1VSsktYSOe9cFqNOIqmN1Gs8SmkjKZYFt017G4VwPxASInODuAdbTW7sXiFUf893RgA==",">=16.20.0","","","","",""
"@typescript/typescript-freebsd-arm64","7.0.2","false","transitive","true","true","Apache-2.0","frontend/package-lock.json","node_modules/@typescript/typescript-freebsd-arm64","https://registry.npmjs.org/@typescript/typescript-freebsd-arm64/-/typescript-freebsd-arm64-7.0.2.tgz","sha512-W5NH4y/J0plIIS5b2xvTEkU7JFxyqdMAOgf+Ilhl0vHQXKO5dZoxd+C/jEtq56c4F3wk71RB4BMRQ2XdI+bwYQ==",">=16.20.0","","","","",""
"@typescript/typescript-freebsd-x64","7.0.2","false","transitive","true","true","Apache-2.0","frontend/package-lock.json","node_modules/@typescript/typescript-freebsd-x64","https://registry.npmjs.org/@typescript/typescript-freebsd-x64/-/typescript-freebsd-x64-7.0.2.tgz","sha512-UMGDx5sTpzNw3WiPebH7l90IWfJggEd+egHt/q6p7/Cm3zqoV7VxkGXt+3DxPIw8CcmvAB0j3sVVfbhX+M4Tpw==",">=16.20.0","","","","",""
"@typescript/typescript-linux-arm","7.0.2","false","transitive","true","true","Apache-2.0","frontend/package-lock.json","node_modules/@typescript/typescript-linux-arm","https://registry.npmjs.org/@typescript/typescript-linux-arm/-/typescript-linux-arm-7.0.2.tgz","sha512-gffT3xPz9sR7j/YJExkyPntrI0P2EP9XbOyWzth2/Gs0RstK+90RBcO0ncXoXy/beYll1SXw846Nf2zdnEz0QQ==",">=16.20.0","","","","",""
"@typescript/typescript-linux-arm64","7.0.2","false","transitive","true","true","Apache-2.0","frontend/package-lock.json","node_modules/@typescript/typescript-linux-arm64","https://registry.npmjs.org/@typescript/typescript-linux-arm64/-/typescript-linux-arm64-7.0.2.tgz","sha512-Qh4eU4/y3yDjnfjjyPYihMj5/ODIlmt+Bzu17OI+fiSRDW57QmU5SiN63exPRNJPKUzcc1INa1NXdrJ+MqHjUQ==",">=16.20.0","","","","",""
"@typescript/typescript-linux-loong64","7.0.2","false","transitive","true","true","Apache-2.0","frontend/package-lock.json","node_modules/@typescript/typescript-linux-loong64","https://registry.npmjs.org/@typescript/typescript-linux-loong64/-/typescript-linux-loong64-7.0.2.tgz","sha512-uEHck9i8hoAzXPiYRib1O7miOnz23SxIeVl6F4LXox+qov1K35jHcEW6VHKvZI+pyvl7fZEP4MCU5LYvIq1GuQ==",">=16.20.0","","","","",""
"@typescript/typescript-linux-mips64el","7.0.2","false","transitive","true","true","Apache-2.0","frontend/package-lock.json","node_modules/@typescript/typescript-linux-mips64el","https://registry.npmjs.org/@typescript/typescript-linux-mips64el/-/typescript-linux-mips64el-7.0.2.tgz","sha512-R4KvAMnE43W5Qeqb0Ly56O3mWMWIAgsMyz36DCaycd5nbg/9kzm0liw3JocfRqyJY0KPmzFjbswozXyW0DnIYA==",">=16.20.0","","","","",""
"@typescript/typescript-linux-ppc64","7.0.2","false","transitive","true","true","Apache-2.0","frontend/package-lock.json","node_modules/@typescript/typescript-linux-ppc64","https://registry.npmjs.org/@typescript/typescript-linux-ppc64/-/typescript-linux-ppc64-7.0.2.tgz","sha512-DORx5b3sd/4S7eayxm4FQv+A7CrkUIGRaHiwI8oiHTAI1fAPWhF4J0vAlkC8biAlHSVVwxMQ3tjZ2/DVbnQiiA==",">=16.20.0","","","","",""
"@typescript/typescript-linux-riscv64","7.0.2","false","transitive","true","true","Apache-2.0","frontend/package-lock.json","node_modules/@typescript/typescript-linux-riscv64","https://registry.npmjs.org/@typescript/typescript-linux-riscv64/-/typescript-linux-riscv64-7.0.2.tgz","sha512-wf0jqEDOjrPRnKwYRyyJDRo11KMbvMFrU+q4zqKyChODBzvlkbhNQfKvLxQCcwTpdDaXSHZTVuh0JoCrKCUMHQ==",">=16.20.0","","","","",""
"@typescript/typescript-linux-s390x","7.0.2","false","transitive","true","true","Apache-2.0","frontend/package-lock.json","node_modules/@typescript/typescript-linux-s390x","https://registry.npmjs.org/@typescript/typescript-linux-s390x/-/typescript-linux-s390x-7.0.2.tgz","sha512-IkwJc3L7yhytWd/ewjyxNDfOmswCm9GWMJT/ue/dU4aZNbwZeYAetq42VyLmsmSjvoX7z74X6ZaYCtzAr0EuGw==",">=16.20.0","","","","",""
"@typescript/typescript-linux-x64","7.0.2","false","transitive","true","true","Apache-2.0","frontend/package-lock.json","node_modules/@typescript/typescript-linux-x64","https://registry.npmjs.org/@typescript/typescript-linux-x64/-/typescript-linux-x64-7.0.2.tgz","sha512-EYdf2cNg7rgCWJnxCdJ+F3V39O8ihb37eHAu1LK8oAFizgTQbPOK7zHHXbPt8rX24COqODXeI3sIf0fCXG7H/A==",">=16.20.0","","","","",""
"@typescript/typescript-netbsd-arm64","7.0.2","false","transitive","true","true","Apache-2.0","frontend/package-lock.json","node_modules/@typescript/typescript-netbsd-arm64","https://registry.npmjs.org/@typescript/typescript-netbsd-arm64/-/typescript-netbsd-arm64-7.0.2.tgz","sha512-+polYF4MF04aPpO5FTkHran9yUQDSXqy5GiSDKpsll5jy3l3+g9QLhpf39T+ePtefhXLOGrLl0QIjkQP6VnelA==",">=16.20.0","","","","",""
"@typescript/typescript-netbsd-x64","7.0.2","false","transitive","true","true","Apache-2.0","frontend/package-lock.json","node_modules/@typescript/typescript-netbsd-x64","https://registry.npmjs.org/@typescript/typescript-netbsd-x64/-/typescript-netbsd-x64-7.0.2.tgz","sha512-8YIT0EHM/3dq10ZOVF/A7pc/YSMtbcecct4rWtexrnSCHOPcpC2KTLXfTCR6vDpnSiY12heNb1GiN/wu+T/FyA==",">=16.20.0","","","","",""
"@typescript/typescript-openbsd-arm64","7.0.2","false","transitive","true","true","Apache-2.0","frontend/package-lock.json","node_modules/@typescript/typescript-openbsd-arm64","https://registry.npmjs.org/@typescript/typescript-openbsd-arm64/-/typescript-openbsd-arm64-7.0.2.tgz","sha512-APT8+ClYnuYm1u9+kgGXoMj2VzWzcymwh2gNSQVySHfkRDGOTVkoWLjCmOQSaO+PoqQ57B0flRp9SA+7GnnkzQ==",">=16.20.0","","","","",""
"@typescript/typescript-openbsd-x64","7.0.2","false","transitive","true","true","Apache-2.0","frontend/package-lock.json","node_modules/@typescript/typescript-openbsd-x64","https://registry.npmjs.org/@typescript/typescript-openbsd-x64/-/typescript-openbsd-x64-7.0.2.tgz","sha512-yX7s+Q0Dln0Dt9tEzZsAjXXR/+ytBM7AlglaqyeMPxQszJ1JhlJdZ6jLA+IzldHtflX81em7lDao1xXu+aRRkg==",">=16.20.0","","","","",""
"@typescript/typescript-sunos-x64","7.0.2","false","transitive","true","true","Apache-2.0","frontend/package-lock.json","node_modules/@typescript/typescript-sunos-x64","https://registry.npmjs.org/@typescript/typescript-sunos-x64/-/typescript-sunos-x64-7.0.2.tgz","sha512-dLJDGaLZ1D4HPQn62u1n8mBDkJREwMsAkCdkwd4Ieqw+x3TUyTsqY0YiBCtE6H6OzzgGk3iuZ3vFWRS+E8/d1g==",">=16.20.0","","","","",""
"@typescript/typescript-win32-arm64","7.0.2","false","transitive","true","true","Apache-2.0","frontend/package-lock.json","node_modules/@typescript/typescript-win32-arm64","https://registry.npmjs.org/@typescript/typescript-win32-arm64/-/typescript-win32-arm64-7.0.2.tgz","sha512-Gyl1Vy6OsWesLzmq+EP0Fb7b4Nid5232AvcA2SFcdYreldpNtYFFofPjnt62y9hQy7VTaZp65ICJjuAQRaVcIQ==",">=16.20.0","","","","",""
"@typescript/typescript-win32-x64","7.0.2","false","transitive","true","true","Apache-2.0","frontend/package-lock.json","node_modules/@typescript/typescript-win32-x64","https://registry.npmjs.org/@typescript/typescript-win32-x64/-/typescript-win32-x64-7.0.2.tgz","sha512-0BQ3HkAHHlKLSp1qRvf3SUhGpGsDuhB/jgFw75guyqbxJqEaS0Cw/VFO8i2nHglJUzQCRtMMR/IBAKE3ETMC4g==",">=16.20.0","","","","",""
"@vitejs/plugin-react","6.1.1","true","devDependencies","true","false","MIT","frontend/package-lock.json","node_modules/@vitejs/plugin-react","https://registry.npmjs.org/@vitejs/plugin-react/-/plugin-react-6.1.1.tgz","sha512-yxLaQV9gkhS8ezJqCM6+ndU7mDY6gqAg75NQ+0IjwEI8IYOmQCgkRwHKVSfWXW076DsqMo0Dk+0FK1U+M5RgFw==","^20.19.0 || >=22.12.0","","6.1.1","6.1.1","6.1.1","Sat Oct 03 2026 15:04:57 GMT+0300 (Moscow Standard Time)"
"@vitest/mocker","5.0.3","false","transitive","true","false","MIT","frontend/package-lock.json","node_modules/@vitest/mocker","https://registry.npmjs.org/@vitest/mocker/-/mocker-5.0.3.tgz","sha512-T8sWAIbkSyAjkwTcaEc3Iu0o9A27X1/kdXrizhZkGuSKScRQtRzclfAMpOTcGdXCsqxeWlpGy3XjqaW8CpLORg==","","","","","",""
"@vitest/spy","5.0.3","false","transitive","true","false","MIT","frontend/package-lock.json","node_modules/@vitest/spy","https://registry.npmjs.org/@vitest/spy/-/spy-5.0.3.tgz","sha512-XhFysQTB8AZ+P4gMi+Lpo99vg2AZi0qKpaB9yXQl37+CaMEAPO3iH/wGVnSyL5MPERiLezpqTVtrR6UZH5GCXg==","","","","","",""
"ansi-regex","5.0.1","false","transitive","true","false","MIT","frontend/package-lock.json","node_modules/ansi-regex","https://registry.npmjs.org/ansi-regex/-/ansi-regex-5.0.1.tgz","sha512-quJQXlTSUGL2LH9SUXo8VwsY4soanhgo6LNSm84E1LBcE8s3O0wpdiRzyR9z/ZZJMlMWv37qOOb9pdJlMUEKFQ==",">=8","","","","",""
"ansi-styles","5.2.0","false","transitive","true","false","MIT","frontend/package-lock.json","node_modules/ansi-styles","https://registry.npmjs.org/ansi-styles/-/ansi-styles-5.2.0.tgz","sha512-Cxwpt2SfTzTtXcfOlzGEee8O+c+MmUgGrNiBcXnuWxuFJHe6a5Hz7qwhwe5OgaSYI0IJvkLqWX1ASG+cJOkEiA==",">=10","","","","",""
"aria-query","5.3.0","false","transitive","true","false","Apache-2.0","frontend/package-lock.json","node_modules/aria-query","https://registry.npmjs.org/aria-query/-/aria-query-5.3.0.tgz","sha512-b0P0sZPKtyu8HkeRAfCq0IfURZK+SuwMjY1UXGBU27wpAiTwQAIlq56IbIO+ytk/JjS1fMR14ee5WBBfKi5J6A==","","","","","",""
"assertion-error","2.0.1","false","transitive","true","false","MIT","frontend/package-lock.json","node_modules/assertion-error","https://registry.npmjs.org/assertion-error/-/assertion-error-2.0.1.tgz","sha512-Izi8RQcffqCeNVgFigKli1ssklIbpHnCYc6AknXGYoB6grJqyeby7jv12JUQgmTAnIDnbck1uxksT4dzN3PWBA==",">=12","","","","",""
"axe-core","4.13.0","true","devDependencies","true","false","MPL-2.0","frontend/package-lock.json","node_modules/axe-core","https://registry.npmjs.org/axe-core/-/axe-core-4.13.0.tgz","sha512-UzGt8zg7Ny8djbYMhxl2zuEevVa7r2gJjYY5Lwr1xM7+XU2nd6CkIWFTVcCIbAP63vSz71NaVyyuSk9lHKcy0A==",">=4","","4.13.0","4.13.0","4.13.0","Sat Oct 03 2026 15:04:57 GMT+0300 (Moscow Standard Time)"
"bidi-js","1.1.0","false","transitive","true","false","MIT","frontend/package-lock.json","node_modules/bidi-js","https://registry.npmjs.org/bidi-js/-/bidi-js-1.1.0.tgz","sha512-fX1Onk0tdVPC7obPWB5EbJ1z7NVhLq4m2xZLq2YXBkxzMXIGRpNMU88n0EPgWseKl12J7zXs7qrDxPK4sRs2fg==","","","","","",""
"chai","6.3.0","false","transitive","true","false","MIT","frontend/package-lock.json","node_modules/chai","https://registry.npmjs.org/chai/-/chai-6.3.0.tgz","sha512-XWAtwJ6OHO+tj0EKCs0Y2UamnyOxseZWltU4x2U2wh8g4AigdjwvtUjvLP2tqkA/avxHEtzxNaqGq/YGNwckKg==",">=18","","","","",""
"cookie-es","3.1.1","false","transitive","false","false","MIT","frontend/package-lock.json","node_modules/cookie-es","https://registry.npmjs.org/cookie-es/-/cookie-es-3.1.1.tgz","sha512-UaXxwISYJPTr9hwQxMFYZ7kNhSXboMXP+Z3TRX6f1/NyaGPfuNUZOWP1pUEb75B2HjfklIYLVRfWiFZJyC6Npg==","","","","","",""
"css-tree","3.2.1","false","transitive","true","false","MIT","frontend/package-lock.json","node_modules/css-tree","https://registry.npmjs.org/css-tree/-/css-tree-3.2.1.tgz","sha512-X7sjQzceUhu1u7Y/ylrRZFU2FS6LRiFVp6rKLPg23y3x3c3DOKAwuXGDp+PAGjh6CSnCjYeAul8pcT8bAl+lSA==","^10 || ^12.20.0 || ^14.13.0 || >=15.0.0","","","","",""
"css.escape","1.5.1","false","transitive","true","false","MIT","frontend/package-lock.json","node_modules/css.escape","https://registry.npmjs.org/css.escape/-/css.escape-1.5.1.tgz","sha512-YUifsXXuknHlUsmlgyY0PKzgPOr7/FjCePfHNt0jxm83wHZi44VDMQ7/fGNkjY3/jV1MC+1CmZbaHzugyeRtpg==","","","","","",""
"csstype","3.2.3","false","transitive","false","false","MIT","frontend/package-lock.json","node_modules/csstype","https://registry.npmjs.org/csstype/-/csstype-3.2.3.tgz","sha512-z1HGKcYy2xA8AGQfwrn0PAy+PB7X/GSj3UVJW9qKyn43xWa+gl5nXmU4qqLMRzWVLFC8KusUX8T/0kCiOYpAIQ==","","","","","",""
"data-urls","7.0.0","false","transitive","true","false","MIT","frontend/package-lock.json","node_modules/data-urls","https://registry.npmjs.org/data-urls/-/data-urls-7.0.0.tgz","sha512-23XHcCF+coGYevirZceTVD7NdJOqVn+49IHyxgszm+JIiHLoB2TkmPtsYkNWT1pvRSGkc35L6NHs0yHkN2SumA==","^20.19.0 || ^22.12.0 || >=24.0.0","","","","",""
"whatwg-url","16.0.1","false","transitive","true","false","MIT","frontend/package-lock.json","node_modules/data-urls/node_modules/whatwg-url","https://registry.npmjs.org/whatwg-url/-/whatwg-url-16.0.1.tgz","sha512-1to4zXBxmXHV3IiSSEInrreIlu02vUOvrhxJJH5vcxYTBDAx51cqZiKdyTxlecdKNSjj8EcxGBxNf6Vg+945gw==","^20.19.0 || ^22.12.0 || >=24.0.0","","","","",""
"decimal.js","10.6.0","false","transitive","true","false","MIT","frontend/package-lock.json","node_modules/decimal.js","https://registry.npmjs.org/decimal.js/-/decimal.js-10.6.0.tgz","sha512-YpgQiITW3JXGntzdUmyUR1V812Hn8T1YVXhCu+wO3OpS4eU9l4YdD3qjyiKdV6mvV29zapkMeD390UVEf2lkUg==","","","","","",""
"dequal","2.0.3","false","transitive","true","false","MIT","frontend/package-lock.json","node_modules/dequal","https://registry.npmjs.org/dequal/-/dequal-2.0.3.tgz","sha512-0je+qPKHEMohvfRTCEo3CrPG6cAzAYgmzKyxRiYSSDkS6eGJdyVJm7WaYA5ECaAD9wLB2T4EEeymA5aFVcYXCA==",">=6","","","","",""
"detect-libc","2.1.2","false","transitive","true","false","Apache-2.0","frontend/package-lock.json","node_modules/detect-libc","https://registry.npmjs.org/detect-libc/-/detect-libc-2.1.2.tgz","sha512-Btj2BOOO83o3WyH59e8MgXsxEQVcarkUOpEYrubB0urwnN10yQ364rsiByU11nZlqWYZm05i/of7io4mzihBtQ==",">=8","","","","",""
"dom-accessibility-api","0.5.16","false","transitive","true","false","MIT","frontend/package-lock.json","node_modules/dom-accessibility-api","https://registry.npmjs.org/dom-accessibility-api/-/dom-accessibility-api-0.5.16.tgz","sha512-X7BJ2yElsnOJ30pZF4uIIDfBEVgF4XEBxL9Bxhy6dnrm5hkzqmsWHGTiHqRiITNhMyFLyAiWndIJP7Z1NTteDg==","","","","","",""
"entities","8.1.0","false","transitive","true","false","BSD-2-Clause","frontend/package-lock.json","node_modules/entities","https://registry.npmjs.org/entities/-/entities-8.1.0.tgz","sha512-kxL7msIffSuh9aaFAMD7rxAIuTRMAHMeBtgHW2yUdWw732ZNh4MehkF2gdjvtdmikkaIP9bFDDJOPlsvm7avrA==",">=20.19.0","","","","",""
"es-module-lexer","2.3.2","false","transitive","true","false","MIT","frontend/package-lock.json","node_modules/es-module-lexer","https://registry.npmjs.org/es-module-lexer/-/es-module-lexer-2.3.2.tgz","sha512-poHGpORABojJJucnV9KbOavETW8lBVnphkW77ER5/BQ5Fz7oXSoCNek7IH3vR5nRjdsEz926ibFYX8KtLQmdyw==","","","","","",""
"estree-walker","3.0.3","false","transitive","true","false","MIT","frontend/package-lock.json","node_modules/estree-walker","https://registry.npmjs.org/estree-walker/-/estree-walker-3.0.3.tgz","sha512-7RUKfXgSMMkzt6ZuXmqapOurLGPPfgj6l9uRZ7lRGolvk0y2yocc35LdcxKC5PQZdn2DMqioAQ2NoWcrTKmm6g==","","","","","",""
"expect-type","1.4.0","false","transitive","true","false","Apache-2.0","frontend/package-lock.json","node_modules/expect-type","https://registry.npmjs.org/expect-type/-/expect-type-1.4.0.tgz","sha512-KfYbmpRm0VbLjEvVa9yGwCi9GI34xvi7A/HXYWQO65CSD2u3MczUJSuwXKFIxlGsgBQizV9q5J9NHj4VG0n+pA==",">=12.0.0","","","","",""
"fdir","6.5.0","false","transitive","true","false","MIT","frontend/package-lock.json","node_modules/fdir","https://registry.npmjs.org/fdir/-/fdir-6.5.0.tgz","sha512-tIbYtZbucOs0BRGqPJkshJUYdL+SDH7dVM8gjy+ERp3WAUjLEFJE+02kanyHtwjWOnwrKYBiwAmM0p4kLJAnXg==",">=12.0.0","","","","",""
"fsevents","2.3.3","false","transitive","true","true","MIT","frontend/package-lock.json","node_modules/fsevents","https://registry.npmjs.org/fsevents/-/fsevents-2.3.3.tgz","sha512-5xoDfX+fL7faATnagmWPpbFtwh/R77WmMMqqHGS65C3vvB0YHrgF+B1YmZ3441tMj5n63k0212XNoJwzlhffQw==","^8.16.0 || ^10.6.0 || >=11.0.0","","","","",""
"html-encoding-sniffer","7.0.0","false","transitive","true","false","MIT","frontend/package-lock.json","node_modules/html-encoding-sniffer","https://registry.npmjs.org/html-encoding-sniffer/-/html-encoding-sniffer-7.0.0.tgz","sha512-UikN5yr7xsCDAq87Or5or0PAlD3HJJOKVzM05az588WnpDJ4Ux7a2A53Qi6gofGg2/EtvF/H4hCi/TXfCW4Y6w==","^22.13.0 || >=24.0.0","","","","",""
"indent-string","4.0.0","false","transitive","true","false","MIT","frontend/package-lock.json","node_modules/indent-string","https://registry.npmjs.org/indent-string/-/indent-string-4.0.0.tgz","sha512-EdDDZu4A2OyIK7Lr/2zG+w5jmbuk1DVBnEwREQvBzspBJkCEbRa8GxU1lghYcaGJCnRWibjDXlq779X1/y5xwg==",">=8","","","","",""
"is-potential-custom-element-name","1.0.1","false","transitive","true","false","MIT","frontend/package-lock.json","node_modules/is-potential-custom-element-name","https://registry.npmjs.org/is-potential-custom-element-name/-/is-potential-custom-element-name-1.0.1.tgz","sha512-bCYeRA2rVibKZd+s2625gGnGF/t7DSqDs4dP7CrLA1m7jKWz6pps0LpYLJN8Q64HtmPKJ1hrN3nzPNKFEKOUiQ==","","","","","",""
"js-tokens","4.0.0","false","transitive","true","false","MIT","frontend/package-lock.json","node_modules/js-tokens","https://registry.npmjs.org/js-tokens/-/js-tokens-4.0.0.tgz","sha512-RdJUflcE3cUzKiMqQgsCu06FPu9UdIJO0beYbPhHN4k6apgJtifcoCtT9bcxOpYBtpD2kCM6Sbzg4CausW/PKQ==","","","","","",""
"jsdom","30.1.1","true","devDependencies","true","false","MIT","frontend/package-lock.json","node_modules/jsdom","https://registry.npmjs.org/jsdom/-/jsdom-30.1.1.tgz","sha512-FahmoPK5vbPc+jxV1iErMHmAZypCZ942NHF4+qqaWAuvaKKTBZxawnmAtrbGWLU7MtlxfqIP0qw6aSI+aWGtLg==","^22.22.2 || ^24.15.0 || >=26.0.0","","30.1.1","30.1.1","30.1.1","Sat Oct 03 2026 15:04:57 GMT+0300 (Moscow Standard Time)"
"lightningcss","1.33.0","false","transitive","true","false","MPL-2.0","frontend/package-lock.json","node_modules/lightningcss","https://registry.npmjs.org/lightningcss/-/lightningcss-1.33.0.tgz","sha512-WkUDrojuJs0xkgGf2udWxa3yGBRxPtxUkB79i6aCZLRgc7PM8fZe9TosfPDcvEpQZbuFASnHYmRLBLUbmLOIIA==",">= 12.0.0","","","","",""
"lightningcss-android-arm64","1.33.0","false","transitive","true","true","MPL-2.0","frontend/package-lock.json","node_modules/lightningcss-android-arm64","https://registry.npmjs.org/lightningcss-android-arm64/-/lightningcss-android-arm64-1.33.0.tgz","sha512-gEpRTalKdosp4Bb8qWtc2iOgE5SeIHlpS1up9bFq2wAyYhl1UdTObYiHe98zEM9SQvSoqQZ1IQD0JNpg3Ml5pg==",">= 12.0.0","","","","",""
"lightningcss-darwin-arm64","1.33.0","false","transitive","true","true","MPL-2.0","frontend/package-lock.json","node_modules/lightningcss-darwin-arm64","https://registry.npmjs.org/lightningcss-darwin-arm64/-/lightningcss-darwin-arm64-1.33.0.tgz","sha512-Sciaz8eenNTKn9b3t7+xr0ipTp9YxKQY4npwQ3mrRuL0BAVHBLyZxofhaKBAVtzmtRZ/zTyo0/to4B1uWG/Djg==",">= 12.0.0","","","","",""
"lightningcss-darwin-x64","1.33.0","false","transitive","true","true","MPL-2.0","frontend/package-lock.json","node_modules/lightningcss-darwin-x64","https://registry.npmjs.org/lightningcss-darwin-x64/-/lightningcss-darwin-x64-1.33.0.tgz","sha512-Z5UPAxzrjlWNNyGy6i65cJzzvgJ5D3T6wMvs+gWpY9d7qRhANrxqAp6LhxIgZhWEw18RfJTGcRxjuLIBr+m8XQ==",">= 12.0.0","","","","",""
"lightningcss-freebsd-x64","1.33.0","false","transitive","true","true","MPL-2.0","frontend/package-lock.json","node_modules/lightningcss-freebsd-x64","https://registry.npmjs.org/lightningcss-freebsd-x64/-/lightningcss-freebsd-x64-1.33.0.tgz","sha512-QQM/Ti/hQajJwCY+RiWuCZ9sdtI/XQk7nDK5vC8kkdwixezOlDgvDx7+RT+QjK6FcFT4MpsuoBnHIo/O3StRRg==",">= 12.0.0","","","","",""
"lightningcss-linux-arm-gnueabihf","1.33.0","false","transitive","true","true","MPL-2.0","frontend/package-lock.json","node_modules/lightningcss-linux-arm-gnueabihf","https://registry.npmjs.org/lightningcss-linux-arm-gnueabihf/-/lightningcss-linux-arm-gnueabihf-1.33.0.tgz","sha512-N7FVBe6iS24MlM6R/4RBTxGhQheZGs7tiQ9U32UtF75NzP5Q7xWPRqLBCKxlRQRk3rY1jCIPLzx7WzOhuUIRLQ==",">= 12.0.0","","","","",""
"lightningcss-linux-arm64-gnu","1.33.0","false","transitive","true","true","MPL-2.0","frontend/package-lock.json","node_modules/lightningcss-linux-arm64-gnu","https://registry.npmjs.org/lightningcss-linux-arm64-gnu/-/lightningcss-linux-arm64-gnu-1.33.0.tgz","sha512-j2v/itmy4HlNxlc6voKXYgBqNi0Ng2LShg4z7GufpEgs05P+2suBVyi9I6YHq5uoVFx9ETin3eCEhLVyXGQnKg==",">= 12.0.0","","","","",""
"lightningcss-linux-arm64-musl","1.33.0","false","transitive","true","true","MPL-2.0","frontend/package-lock.json","node_modules/lightningcss-linux-arm64-musl","https://registry.npmjs.org/lightningcss-linux-arm64-musl/-/lightningcss-linux-arm64-musl-1.33.0.tgz","sha512-yiO5ROMuYQgXbC60yjZU5CYSFZGKXL0HFATXt9mHJn1+zW55oCtMI9NfcVhYLMFDL7gV7oBPon/EmMMGg2OvtQ==",">= 12.0.0","","","","",""
"lightningcss-linux-x64-gnu","1.33.0","false","transitive","true","true","MPL-2.0","frontend/package-lock.json","node_modules/lightningcss-linux-x64-gnu","https://registry.npmjs.org/lightningcss-linux-x64-gnu/-/lightningcss-linux-x64-gnu-1.33.0.tgz","sha512-ar+Ju7LmcN0Jo4FpL4hpFybwNG9/3A/Br5KW2n2jyODg3MEZXaDYADdemoNS+BDNfMgKvylJLj4S5tyRActuAg==",">= 12.0.0","","","","",""
"lightningcss-linux-x64-musl","1.33.0","false","transitive","true","true","MPL-2.0","frontend/package-lock.json","node_modules/lightningcss-linux-x64-musl","https://registry.npmjs.org/lightningcss-linux-x64-musl/-/lightningcss-linux-x64-musl-1.33.0.tgz","sha512-RYiYbkokw0trfKqqzfF55lginwEPrD3OJDfTuJzFs1MK6iFnDenaz1fqLLtX4ITG3OktJQXOeTaw1awrBAlZPw==",">= 12.0.0","","","","",""
"lightningcss-win32-arm64-msvc","1.33.0","false","transitive","true","true","MPL-2.0","frontend/package-lock.json","node_modules/lightningcss-win32-arm64-msvc","https://registry.npmjs.org/lightningcss-win32-arm64-msvc/-/lightningcss-win32-arm64-msvc-1.33.0.tgz","sha512-1K+MPfLSFVpphzpdbfkhlWk6wBrTObBzS2T6db10PNOZgR9GoVsAWzwNyuhUYYbTp23j+4RrncfujZ4uAzXvwA==",">= 12.0.0","","","","",""
"lightningcss-win32-x64-msvc","1.33.0","false","transitive","true","true","MPL-2.0","frontend/package-lock.json","node_modules/lightningcss-win32-x64-msvc","https://registry.npmjs.org/lightningcss-win32-x64-msvc/-/lightningcss-win32-x64-msvc-1.33.0.tgz","sha512-OlEICDx/Xl0FqSp4bry8zFnCvGpig3Gl4gCquvYwHuqJKEC1+n9NgDniFvqHGmMv1ZkqDJrDqKKSykTDX+ehuA==",">= 12.0.0","","","","",""
"lru-cache","11.5.3","false","transitive","true","false","BlueOak-1.0.0","frontend/package-lock.json","node_modules/lru-cache","https://registry.npmjs.org/lru-cache/-/lru-cache-11.5.3.tgz","sha512-U4N8FgzmWxc8k1VH8Kr6lQg18U7Fjvby6wXHVRX/ZZ7IwWbRMgrRbP0Wrb5q5NVinryp4SQampHKdvtecItxUg==","20 || >=22","","","","",""
"lucide-react","1.49.0","true","dependencies","false","false","ISC","frontend/package-lock.json","node_modules/lucide-react","https://registry.npmjs.org/lucide-react/-/lucide-react-1.49.0.tgz","sha512-ApfaNM4/7jBrVopqLJ84Jz8TMQ1Q1JeZ1PmKh25aeS3E1FTVcMkSh1bEQB7dfzdIrwXRP8p3z4AJjTIHHb5IIA==","","","1.49.0","1.49.0","1.51.0","Sat Oct 03 2026 15:04:57 GMT+0300 (Moscow Standard Time)"
"lz-string","1.5.0","false","transitive","true","false","MIT","frontend/package-lock.json","node_modules/lz-string","https://registry.npmjs.org/lz-string/-/lz-string-1.5.0.tgz","sha512-h5bgJWpxJNswbU7qCrV0tIKQCaS3blPDrqKWx+QxzuzL1zGUzij9XCWLrSLsJPu5t+eWA/ycetzYAO5IOMcWAQ==","","","","","",""
"magic-string","1.4.2","false","transitive","true","false","MIT","frontend/package-lock.json","node_modules/magic-string","https://registry.npmjs.org/magic-string/-/magic-string-1.4.2.tgz","sha512-vG+rjFRj1PqdIBozIxAGMjPlOhaVe+GXpbttY/iSK7rGcJRMlwNJO7dcUwmUqkymsFLJiNGI06t4D7Fr7yRC9g==","","","","","",""
"mdn-data","2.27.1","false","transitive","true","false","CC0-1.0","frontend/package-lock.json","node_modules/mdn-data","https://registry.npmjs.org/mdn-data/-/mdn-data-2.27.1.tgz","sha512-9Yubnt3e8A0OKwxYSXyhLymGW4sCufcLG6VdiDdUGVkPhpqLxlvP5vl1983gQjJl3tqbrM731mjaZaP68AgosQ==","","","","","",""
"min-indent","1.0.1","false","transitive","true","false","MIT","frontend/package-lock.json","node_modules/min-indent","https://registry.npmjs.org/min-indent/-/min-indent-1.0.1.tgz","sha512-I9jwMn07Sy/IwOj3zVkVik2JTvgpaykDZEigL6Rx6N9LbMywwUSMtxET+7lVoDLLd3O3IXwJwvuuns8UB/HeAg==",">=4","","","","",""
"nanoid","3.3.19","false","transitive","true","false","MIT","frontend/package-lock.json","node_modules/nanoid","https://registry.npmjs.org/nanoid/-/nanoid-3.3.19.tgz","sha512-Y2tUNy4ouw6tq5oDSKeQYGOyhkUBhNOcGV/02KC+6kd9eDGqdZd++mjMiIDilrBYvjEnCYvVtsuHCuP+okSfug==","^10 || ^12 || ^13.7 || ^14 || >=15.0.1","","","","",""
"obug","2.2.1","false","transitive","true","false","MIT","frontend/package-lock.json","node_modules/obug","https://registry.npmjs.org/obug/-/obug-2.2.1.tgz","sha512-XrsrhT5sybtKI6wakr2SPOlGZWWYbUXZ7a0jT8/QOeAPau+1X/bSegNe5YR75oJmEZQbKningirmGOEJCIk61Q==",">=12.20.0","","","","",""
"parse5","8.0.1","false","transitive","true","false","MIT","frontend/package-lock.json","node_modules/parse5","https://registry.npmjs.org/parse5/-/parse5-8.0.1.tgz","sha512-z1e/HMG90obSGeidlli3hj7cbocou0/wa5HacvI3ASx34PecNjNQeaHNo5WIZpWofN9kgkqV1q5YvXe3F0FoPw==","","","","","",""
"picocolors","1.1.1","false","transitive","true","false","ISC","frontend/package-lock.json","node_modules/picocolors","https://registry.npmjs.org/picocolors/-/picocolors-1.1.1.tgz","sha512-xceH2snhtb5M9liqDsmEw56le376mTZkEX/jEb/RxNFyegNul7eNslCXP9FDj/Lcu0X8KEyMceP2ntpaHrDEVA==","","","","","",""
"picomatch","4.0.7","false","transitive","true","false","MIT","frontend/package-lock.json","node_modules/picomatch","https://registry.npmjs.org/picomatch/-/picomatch-4.0.7.tgz","sha512-qcJu88Q2IWqJsDD529JKMdwGm/dvInW4HvQnRwiH9JtihJvzGOscDtHE3x1pBKeUOTysQ8kVmLnJ2kJu7yhcGA==",">=12","","","","",""
"playwright","1.63.0","false","transitive","true","false","Apache-2.0","frontend/package-lock.json","node_modules/playwright","https://registry.npmjs.org/playwright/-/playwright-1.63.0.tgz","sha512-+7ziBLidS4NaNCdt57SUDT+wYmmd5fmiQejUic/kb+YsYSCPyOOE9sebzMjNmQrsnNpDJqd4WHvV/8lfKfUDUg==",">=20","","","","",""
"playwright-core","1.63.0","false","transitive","true","false","Apache-2.0","frontend/package-lock.json","node_modules/playwright-core","https://registry.npmjs.org/playwright-core/-/playwright-core-1.63.0.tgz","sha512-rYCsBF/M5HjUch52bbtVONEFjv6Xu8sm8h72dNlR5bzIE1fvC/bxgspzkjSfU+MweEMmPM8KJebG6nnyxo5mCg==",">=20","","","","",""
"postcss","8.5.28","false","transitive","true","false","MIT","frontend/package-lock.json","node_modules/postcss","https://registry.npmjs.org/postcss/-/postcss-8.5.28.tgz","sha512-RRuzqDtt5Y9h3quz5hWhK+TPnsmVs6WwSU6LkJMeY4HstUEDuYTG8UJSdawMRzmzAtV+KEoG8N3Qg2qLy5vM/A==","^10 || ^12 || >=14","","","","",""
"prettier","3.9.9","true","devDependencies","true","false","MIT","frontend/package-lock.json","node_modules/prettier","https://registry.npmjs.org/prettier/-/prettier-3.9.9.tgz","sha512-Z/CJHIkdujO/OtN7nXUii0Rf3VT5SRuhjBA82Xvu2XhBUgX3nhP67T0LHceBdQLex7OOFGTox+Q5Yg8Jk2Qivg==",">=14","","3.9.9","3.9.9","3.9.9","Sat Oct 03 2026 15:04:57 GMT+0300 (Moscow Standard Time)"
"pretty-format","27.5.1","false","transitive","true","false","MIT","frontend/package-lock.json","node_modules/pretty-format","https://registry.npmjs.org/pretty-format/-/pretty-format-27.5.1.tgz","sha512-Qb1gy5OrP5+zDf2Bvnzdl3jsTf1qXVMazbvCoKhtKqVs4/YK4ozX4gKQJJVyNe+cajNPn0KoC0MC3FUmaHWEmQ==","^10.13.0 || ^12.13.0 || ^14.15.0 || >=15.0.0","","","","",""
"punycode","2.3.1","false","transitive","true","false","MIT","frontend/package-lock.json","node_modules/punycode","https://registry.npmjs.org/punycode/-/punycode-2.3.1.tgz","sha512-vYt7UD1U9Wg6138shLtLOvdAu+8DsC/ilFtEVHcH+wydcSpNE20AfSOduf6MkRFahL5FY7X1oU7nKVZFtfq8Fg==",">=6","","","","",""
"react","19.3.0","true","dependencies","false","false","MIT","frontend/package-lock.json","node_modules/react","https://registry.npmjs.org/react/-/react-19.3.0.tgz","sha512-E8LUcbtBWt20bbl2YoHfx4ZDBdxVTfOKtCZn9cDSJ4l6/nuoApcpIBcj47t2wZoVX8g2ZHuMHbiShgCR1T5Sog==",">=0.10.0","","19.3.0","19.3.0","19.3.0","Sat Oct 03 2026 15:04:57 GMT+0300 (Moscow Standard Time)"
"react-dom","19.3.0","true","dependencies","false","false","MIT","frontend/package-lock.json","node_modules/react-dom","https://registry.npmjs.org/react-dom/-/react-dom-19.3.0.tgz","sha512-JDk8dgif51OjFoDE70+OT9ICyYr+69HlmihNwp1+Nsfbna3t5sIiCa9ZJktDmQ4/1b/rn26hIAR2uYXDMr5r0Q==","","","19.3.0","19.3.0","19.3.0","Sat Oct 03 2026 15:04:57 GMT+0300 (Moscow Standard Time)"
"react-is","17.0.2","false","transitive","true","false","MIT","frontend/package-lock.json","node_modules/react-is","https://registry.npmjs.org/react-is/-/react-is-17.0.2.tgz","sha512-w2GsyukL62IJnlaff/nRegPQR94C/XXamvMWmSHRJ4y7Ts/4ocGRmTHvOs8PSE6pB3dWOrD/nueuU5sduBsQ4w==","","","","","",""
"react-router","8.4.0","true","dependencies","false","false","MIT","frontend/package-lock.json","node_modules/react-router","https://registry.npmjs.org/react-router/-/react-router-8.4.0.tgz","sha512-JtydAkBvU9UTEe5qNC+POhu+ZBNM7rlKY2IegwXc7Idj7xfRG16x5RZrw3mju+XlqBxfvb2ky9P3jUp9WyWC1g==",">=22.22.0","","8.4.0","8.4.0","8.4.0","Sat Oct 03 2026 15:04:57 GMT+0300 (Moscow Standard Time)"
"redent","3.0.0","false","transitive","true","false","MIT","frontend/package-lock.json","node_modules/redent","https://registry.npmjs.org/redent/-/redent-3.0.0.tgz","sha512-6tDA8g98We0zd0GvVeMT9arEOnTw9qM03L9cJXaCjrip1OO764RDBLBfrB4cwzNGDj5OA5ioymC9GkizgWJDUg==",">=8","","","","",""
"require-from-string","2.0.2","false","transitive","true","false","MIT","frontend/package-lock.json","node_modules/require-from-string","https://registry.npmjs.org/require-from-string/-/require-from-string-2.0.2.tgz","sha512-Xf0nWe6RseziFMu+Ap9biiUbmplq6S9/p+7w7YXP/JBHhrUDDUhwa+vANyubuqfZWTveU//DYVGsDG7RKL/vEw==",">=0.10.0","","","","",""
"rolldown","1.2.12","false","transitive","true","false","MIT","frontend/package-lock.json","node_modules/rolldown","https://registry.npmjs.org/rolldown/-/rolldown-1.2.12.tgz","sha512-8wafseiaG80xmXSfqidUNqZcylTlhmPZZt+za2m+js2sFZ8dTNlhIOV2WcbIPx2hgwPBJpEUGFAMZ9bgBBLTSQ==","^20.19.0 || >=22.12.0","","","","",""
"saxes","6.0.0","false","transitive","true","false","ISC","frontend/package-lock.json","node_modules/saxes","https://registry.npmjs.org/saxes/-/saxes-6.0.0.tgz","sha512-xAg7SOnEhrm5zI3puOOKyy1OMcMlIJZYNJY7xLBwSze0UjhPLnWfj2GF2EpT0jmzaJKIWKHLsaSSajf35bcYnA==",">=v12.22.7","","","","",""
"scheduler","0.28.0","false","transitive","false","false","MIT","frontend/package-lock.json","node_modules/scheduler","https://registry.npmjs.org/scheduler/-/scheduler-0.28.0.tgz","sha512-juorfCmIkIw8tT+p5BXSm6PJjQF/ycEYmKyzURCIt/RaZIhL+PulbQ9Yu2z1HdOJDdqDTlxA1+xKBmHXJsczAw==","","","","","",""
"source-map-js","1.2.2","false","transitive","true","false","BSD-3-Clause","frontend/package-lock.json","node_modules/source-map-js","https://registry.npmjs.org/source-map-js/-/source-map-js-1.2.2.tgz","sha512-KGj/8Y43x35aZVDtt+J4mK1hoLGHULMYfSkODJNQjNDC3oW1PqPoxMwo0pLUsWM/UEGzON/NxeHywEfNXNP3Vw==",">=0.10.0","","","","",""
"std-env","4.3.0","false","transitive","true","false","MIT","frontend/package-lock.json","node_modules/std-env","https://registry.npmjs.org/std-env/-/std-env-4.3.0.tgz","sha512-OtU/EgQ1kIm5KwqQpBC6ZEMXrZRui11w8zgfTWp8cdO9B8OaPsbA8bTHO2P+HNo1VlUTGMVBwPhydu6poeXiag==","","","","","",""
"strip-indent","3.0.0","false","transitive","true","false","MIT","frontend/package-lock.json","node_modules/strip-indent","https://registry.npmjs.org/strip-indent/-/strip-indent-3.0.0.tgz","sha512-laJTa3Jb+VQpaC6DseHhF7dXVqHTfJPCRDaEbid/drOhgitgYku/letMUqOXFoWV0zIIUbjpdH2t+tYj4bQMRQ==",">=8","","","","",""
"tinybench","6.2.0","false","transitive","true","false","MIT","frontend/package-lock.json","node_modules/tinybench","https://registry.npmjs.org/tinybench/-/tinybench-6.2.0.tgz","sha512-78U2TlB2CnVenajOFzf3BKSm0J6oz5L0NV7g32LCPccvYc0lbWvys4d3uUUCS2B1N8PAf2+aekR8i1KbC3HO7Q==",">=20.0.0","","","","",""
"tinyexec","1.3.1","false","transitive","true","false","MIT","frontend/package-lock.json","node_modules/tinyexec","https://registry.npmjs.org/tinyexec/-/tinyexec-1.3.1.tgz","sha512-GCvB3aoys96IuDFBMcTB46JOR6mdMtAToqwiW8JlWhsoh1mhHi/xn9ss/Dg7N555GiJyEt2qzoG/NHCwM6h1EA==",">=18","","","","",""
"tinyglobby","0.2.17","false","transitive","true","false","MIT","frontend/package-lock.json","node_modules/tinyglobby","https://registry.npmjs.org/tinyglobby/-/tinyglobby-0.2.17.tgz","sha512-wXR/dYpcqKmfWpEdZjiKJOwCNFndD0DMnrW/cYjVGttEkBfVgcLFHoNrlj47mjOVic9yyNu65alsgF4NQyTa2g==",">=12.0.0","","","","",""
"tldts","7.4.16","false","transitive","true","false","MIT","frontend/package-lock.json","node_modules/tldts","https://registry.npmjs.org/tldts/-/tldts-7.4.16.tgz","sha512-QwBER5KMR86IIjpIiO7H/Z3IMJPsZ1A6RKPAqzTTgOyUQUSt9FdnKcqhTaJmkY6HVrgouZHZR0ncK5QxvmnQeg==","","","","","",""
"tldts-core","7.4.16","false","transitive","true","false","MIT","frontend/package-lock.json","node_modules/tldts-core","https://registry.npmjs.org/tldts-core/-/tldts-core-7.4.16.tgz","sha512-MDolfaSJtlSK5Y0A1xl3277ekubZwobpBjugknDizI9O5Rm60a1m8k4ICK+MRsCDzPygT81mp3BBf5RKDlFRfA==","","","","","",""
"tough-cookie","6.0.2","false","transitive","true","false","BSD-3-Clause","frontend/package-lock.json","node_modules/tough-cookie","https://registry.npmjs.org/tough-cookie/-/tough-cookie-6.0.2.tgz","sha512-exgYmnmL/sJpR3upZfXG5PoatXQii55xAiXGXzY+sROLZ/Y+SLcp9PgJNI9Vz37HpQ74WvDcLT8eqm+kV3FzrA==",">=16","","","","",""
"tr46","6.0.0","false","transitive","true","false","MIT","frontend/package-lock.json","node_modules/tr46","https://registry.npmjs.org/tr46/-/tr46-6.0.0.tgz","sha512-bLVMLPtstlZ4iMQHpFHTR7GAGj2jxi8Dg0s2h2MafAE4uSWF98FC/3MomU51iQAMf8/qDUbKWf5GxuvvVcXEhw==",">=20","","","","",""
"typescript","7.0.2","true","devDependencies","true","false","Apache-2.0","frontend/package-lock.json","node_modules/typescript","https://registry.npmjs.org/typescript/-/typescript-7.0.2.tgz","sha512-8FYau96o3NKOhbjKi/qNvG/W5jhzxkbdm5sj9AbZ/5T5sWqn3hJgLfGx27sRKZWTvyzCP8dLRBTf5tBTSRVUNA==",">=16.20.0","","7.0.2","7.0.2","7.0.2","Sat Oct 03 2026 15:04:57 GMT+0300 (Moscow Standard Time)"
"undici","8.11.2","false","transitive","true","false","MIT","frontend/package-lock.json","node_modules/undici","https://registry.npmjs.org/undici/-/undici-8.11.2.tgz","sha512-u4UB2/IrKdU6lFxumHmmo1a3fCQO5tzQllRorfoRS63txhrB7xTpSn1PftwC4qEHkOaqP95fCWW4lJzwErwzhQ==",">=22.19.0","","","","",""
"undici-types","8.9.0","false","transitive","true","false","MIT","frontend/package-lock.json","node_modules/undici-types","https://registry.npmjs.org/undici-types/-/undici-types-8.9.0.tgz","sha512-KTDyRTYX8sWmKXAikPHHSyc63CRPETMctyjKFupcC6OBLXT3xsN0e9aF7m+mIXutFWpUXuedtowG7iLOzp0kQg==","","","","","",""
"vite","8.3.1","true","devDependencies","true","false","MIT","frontend/package-lock.json","node_modules/vite","https://registry.npmjs.org/vite/-/vite-8.3.1.tgz","sha512-/bvH9E9tmCXRGp2uXY3WbOldqpTwFkbha/8ANaEQ6VkxhH60KyqLwgZq6lG2y+4uT55x9+9eUHMpQ7uGnOCKjA==","^20.19.0 || >=22.12.0","","8.3.1","8.3.1","8.3.2","Sat Oct 03 2026 15:04:57 GMT+0300 (Moscow Standard Time)"
"vitest","5.0.3","true","devDependencies","true","false","MIT","frontend/package-lock.json","node_modules/vitest","https://registry.npmjs.org/vitest/-/vitest-5.0.3.tgz","sha512-xMw97S3rjdtj5dkVat7jCsqWBpvchs3RlpQctUqwJD0KkERk40vz2fJ77lDwW/Vzh/pk18eItYAzkodhSes3jQ==","^22.12.0 || ^24.0.0 || >=26.0.0","","5.0.3","5.0.3","5.0.3","Sat Oct 03 2026 15:04:57 GMT+0300 (Moscow Standard Time)"
"w3c-xmlserializer","6.0.0","false","transitive","true","false","MIT","frontend/package-lock.json","node_modules/w3c-xmlserializer","https://registry.npmjs.org/w3c-xmlserializer/-/w3c-xmlserializer-6.0.0.tgz","sha512-4Nsy8K5Tr6SPDH9jhKJOHf7ChDrc1zufZTVSF7x72hwuEXBqxqk9G6cK+K2NRUtB3iELRJqjXb4JPDMBjMTl2Q==","^22.22.2 || ^24.15.0 || >=26.0.0","","","","",""
"webidl-conversions","8.0.1","false","transitive","true","false","BSD-2-Clause","frontend/package-lock.json","node_modules/webidl-conversions","https://registry.npmjs.org/webidl-conversions/-/webidl-conversions-8.0.1.tgz","sha512-BMhLD/Sw+GbJC21C/UgyaZX41nPt8bUTg+jWyDeg7e7YN4xOM05YPSIXceACnXVtqyEw/LMClUQMtMZ+PGGpqQ==",">=20","","","","",""
"whatwg-mimetype","5.0.0","false","transitive","true","false","MIT","frontend/package-lock.json","node_modules/whatwg-mimetype","https://registry.npmjs.org/whatwg-mimetype/-/whatwg-mimetype-5.0.0.tgz","sha512-sXcNcHOC51uPGF0P/D4NVtrkjSU2fNsm9iog4ZvZJsL3rjoDAzXZhkm2MWt1y+PUdggKAYVoMAIYcs78wJ51Cw==",">=20","","","","",""
"whatwg-url","17.1.2","false","transitive","true","false","MIT","frontend/package-lock.json","node_modules/whatwg-url","https://registry.npmjs.org/whatwg-url/-/whatwg-url-17.1.2.tgz","sha512-TEZA+Zqxin7Jjsm2cjRohCmen5awh+hT6Zi3VZdqZlNRk7zvOI/9WpBFg/DWlA56bWnzwm6DuB8NS0EsxQH9uQ==","^22.14.0 || >=24.0.0","","","","",""
"why-is-node-running","3.2.1","false","transitive","true","false","MIT","frontend/package-lock.json","node_modules/why-is-node-running","https://registry.npmjs.org/why-is-node-running/-/why-is-node-running-3.2.1.tgz","sha512-Tb2FUhB4vUsGQlfSquQLYkApkuPAFQXGFzxWKHHumVz2dK+X1RUm/HnID4+TfIGYJ1kTcwOaCk/buYCEJr6YjQ==",">=20.11","","","","",""
"xml-name-validator","5.0.0","false","transitive","true","false","Apache-2.0","frontend/package-lock.json","node_modules/xml-name-validator","https://registry.npmjs.org/xml-name-validator/-/xml-name-validator-5.0.0.tgz","sha512-EvGK8EJ3DhaHfbRlETOWAS5pO9MZITeauHKJyb8wyajUfQUenkIg2MvLDTZ4T/TgIcm3HU0TFBgWWboAZ30UHg==",">=18","","","","",""
"xmlchars","2.2.0","false","transitive","true","false","MIT","frontend/package-lock.json","node_modules/xmlchars","https://registry.npmjs.org/xmlchars/-/xmlchars-2.2.0.tgz","sha512-JZnDKK8B0RCDw84FNdDAIpZK+JuJw+s7Lz8nksI7SIuU3UXJJslUthsi+uWBUYOwPFwW7W7PRLRfUKpxjtjFCw==","","","","","",""
